certification_no,county,program_name,dementia_specific,occupancy,admin_first_name,admin_last_name,phone_number,fax_number,email,facility_address,facility_city,facility_state,facility_zip,facility_location
S0050,Adair,Greenfield Manor AL,No,40,Nancy,Farley,(641) 743-6131,(641) 343-7090,greenfield@tutera.com,615 SE Kent,Greenfield,Iowa,508499454,POINT(-94.450993 41.302887)
S0183,Allamakee,Thornton Heights Assisted Living,No,26,Sam,Kuhn,(563) 538-4335,(563) 538-4460,samkuhn@rconnect.com; juliefossum@rconnect.com,1329 Main St,Lansing,Iowa,521519615,POINT(-91.233857 43.361244)
S0221,Allamakee,SOUTHCREST MANOR II,No,32,Nona,Sawyer,(563) 568-0043,(563) 568-0043,allhousing@mchsi.com,602 2nd St SW,WAUKON,Iowa,521722242,POINT(-91.478759 43.263179)
S0151,Appanoose,Homestead of Centerville,Yes,96,Kristen,Arbogast,(641) 437-1999,(641) 437-4258,karbogast@midwest-health.com,19999 St. Joseph's Drive,Centerville,Iowa,525449032,POINT(-92.85817 40.753373)
S0148,Appanoose,Maple Grove Senior Living,No,30,Laurie,Buckhahn,(641) 856-6601,(641) 437-4090,admin@goldenagecarecenter.com; mg@goldenagecarecenter.com,1917 South 18TH Street,Centerville,Iowa,525443136,POINT(-92.867877 40.715239)
S0364,Audubon,MJ Estates,No,32,Steve,Fister,(712) 268-5393,(712) 268-2614,sfister@exiracare.net,411 S. Carthage Street,Exira,Iowa,50076,POINT(-94.877583 41.585896)
S0018,Benton,Keystone Senior Suites,No,24,Tracy,Hanson,(319) 442-3234,(319) 442-3550,thanson@netins.net,251 6th St,Keystone,Iowa,522499538,POINT(-92.198251 42.004364)
S0235,Benton,Rock Ridge Assisted Living,No,24,Jodie,Bevans,(319) 436-5570,(319) 436-5571,rockridgecarecenter@aol.com,400 Canton Street NW,Shellsburg,Iowa,523329645,POINT(-91.873459 42.098709)
S0034,Benton,Lutheran Home Apts,No,36,Christine,Smith,(319) 472-2092,(319) 472-3070,c.smith@lhaa-e.org,1413 2nd Ave,Vinton,Iowa,523491695,POINT(-92.023044 42.157915)
S0254,Benton,Windsor Manor Vinton,Yes,72,Lisa,Staab,(319) 472-2060,(319) 472-2112,lisa.staab@windsor-manor.com,1807 West 5th Street,Vinton,Iowa,523492474,POINT(-92.044955 42.166651)
S0028,Blackhawk,Bickford Cottage Cedar Falls,No,74,Kris,Trotter,(319) 266-6800,(319) 277-1294,kris.trotter@enrichinghappiness.com,5101 University,Cedar Falls,Iowa,506136246,POINT(-92.418502 42.508827)
S0251,Blackhawk,Bryhl Assisted Living,No,84,Paula,Padavich,(319) 268-0401,(319) 268-0040,ppadavich@newaldaya.org,7511 University Avenue,Cedar Falls,Iowa,506135027,POINT(-92.447659 42.513032)
S0036,Blackhawk,"Stanard Family Assisted Living Center, Inc.",No,170,Ronda,Eick,(319) 277-2141,(319) 277-5158,ronda.eick@westernhome.org,420 E 11th St,Cedar Falls,Iowa,506133364,POINT(-92.441166 42.528672)
S0244,Blackhawk,Windhaven Assisted Living Center,Yes,198,Sharon,Lukes,(319) 266-5764,(319) 266-2052,Sharon.lukes@westernhome.org,5500 South Main Street,Cedar Falls,Iowa,506137437,POINT(-92.445909 42.488438)
S0107,Blackhawk,Lakeview Lodge,Yes,100,Emily,Miller,(319) 291-1300,(319) 291-1360,emiller@fvrc.com,312 Southbrooke Dr,Waterloo,Iowa,507025804,POINT(-92.350607 42.458848)
S0266,Blackhawk,Rose of Waterloo,No,128,Gladys,Rainey,(319) 232-6061,(319) 232-6571,roseofwatadmin@rosecommunities-alf.com; Rosepersonnel@rosecommunities-alf.com; roseoperations@rosecommunities-alf.com,421 Oak Avenue,Waterloo,Iowa,507033401,POINT(-92.341108 42.505068)
S0177,Boone,Courtyard Terrace,No,50,Denise,Elsner,(515) 433-4406,(515) 433-4406,delsner@iowaoeshome.com,717 W 3rd St,Boone,Iowa,500368217,POINT(-93.902249 42.059352)
S0321,Boone,Westhaven Community,No,40,Barb,Wills,(515) 432-1393,(515) 432-7882,bwills@efreechurchhome.org,112 West 4th Street,Boone,Iowa,50036,POINT(-93.893122 42.060293)
S0176,Boone,Cedars of Madrid Homes,Yes,94,Deanna,Fisher,(515) 795-4097,(515) 795-4286,cedars@madridhome.com,600 North Kennedy Avenue,Madrid,Iowa,501567608,POINT(-93.815675 41.881756)
S0361,Bremer,Cobblestone Court Assisted Living,No,62,Ginny,Boeckman,(563) 578-9001,(563) 578-9002,ginny@cobblestonecourtassistedliving.com,3187 140th Street,Sumner,Iowa,50674,POINT(-92.13302 42.847445)
S0363,Bremer,"Terrace AL of Hillcrest Home, Inc.",No,32,Amanda,Warnke,(563) 578-8591,(563) 578-8091,awarnkealdirector@outlook.com,915 West 1st Street,Sumner,Iowa,50674,POINT(-92.110037 42.847432)
S0088,Bremer,Linden Place AL,No,60,Heather,Johnson,(319) 352-8851,(319) 352-8852,hjohnson@bartelscommunity.org,1802 5th Ave NW,Waverly,Iowa,506771903,POINT(-92.492524 42.730106)
S0189,Buchanan,Parkview Assisted Living,No,20,Tiffanie,Michels,(319) 635-2585,(319) 635-2177,parkviewassistedliving@gmail.com,114 Forest Street,Fairbank,Iowa,506297713,
S0229,Buchanan,Prairie Hills at Independence,Yes,104,Tammy,Rasmussen,(319) 334-2000,(319) 334-3015,edindependence@symphonyseniorliving.com,505 Enterprise Drive SW,Independence,Iowa,506449603,POINT(-91.898573 42.45066)
S0338,Buchanan,Winding Creek Meadows,No,48,Rochelle,Kane,(319) 827-1052,(319) 827-1058,Rochelle.kane@westernhome.org,1044 9th Street,Jesup,Iowa,50648,POINT(-92.059055 42.473988)
S0096,Buena Vista,Welcov Assisted Living at Alta,No,57,Rebecca,Wolf,(712) 200-2620,(712) 200-1174,Rebecca.wolf@welcov.com,705 W 7th St,Alta,Iowa,510021525,POINT(-95.310576 42.668495)
S0184,Buena Vista,Otsego Place,No,84,Debbie ,Klatt,(712) 299-4750,(712) 213-1147,dklatt@mmrcsl.org,520 Otsego Street,Storm Lake,Iowa,505881760,POINT(-95.206222 42.643448)
S0095,Butler,Elm Springs AL Apts,No,36,Kathy ,Miller,(319) 267-2791,(319) 267-2422,kmiller@abcmcorp.com,900 Seventh Street West,Allison,Iowa,506029452,POINT(-92.804378 42.756485)
S0048,Butler,Maple Manor Village,No,36,Sharon,Quail,(319) 347-1502,(319) 347-6347,squail@abcmcorp.com,343 Parriott,Aplington,Iowa,506041063,POINT(-92.875046 42.584014)
S0334,Butler,Westside AL Suites,No,24,Betsy,Schmitt,(319) 278-4900,(319) 278-4166,westsideassistedliving@gmail.com,110 Ely Street,Clarksville,Iowa,50619,POINT(-92.674873 42.784815)
S0178,Butler,Dutchman's Oaks Assisted LIving,No,12,Mari,Banse,(641) 857-3401,(641) 857-3615,mbanse@abcmcorp.com,921 3rd St. P.O. Box 347,Dumont,Iowa,506251034,POINT(-92.976805 42.751079)
S0300,Butler,Parker Place Retirement,Yes,74,Jake,Bates,(319) 239-7848,(319) 346-9975,manager@parkerplaceretirement.com,707 Hwy 57,Parkersburg,Iowa,50665,POINT(-92.785817 42.570361)
S0084,Butler,Meadows Assisted Living,No,60,Andrea,Nieman,(319) 885-4341,(319) 885-6595,andrea.nieman@twsl.com,528 N Kelly St,Shell Rock,Iowa,506701006,POINT(-92.571864 42.713809)
S0161,Calhoun,Accura Healthcare of Pomeroy,No,18,Kay,Jessen ,(712) 468-2241,(712) 468-2524,pomeroy@accura.healthcare,713 Scuyler Street,Pomeroy,Iowa,505751195,POINT(-94.681298 42.542299)
S0285,Carroll,SunnyBrook of Carroll,Yes,70,Tina,Patterson,(712) 792-8995,(712) 792-8161,edcarroll@symphonyseniorliving.com,1214 East 18th Street,Carroll,Iowa,51401,POINT(-94.849439 42.078619)
S0349,Carroll,Swan Place,No,83,Rebecca,Hannaway,(712) 792-6974,(712) 792-9811,rhannaway@enlivant.com; alclicense@enlivant.com,1024 E. 12th Street,Carroll,Iowa,51401,POINT(-94.851293 42.071993)
S0274,Carroll,Parkview Assisted Living,No,24,Michael,Hocking,(712) 999-0120,(712) 999-5669,mhocking@thomasresthaven.org,210 Park Street,Coon Rapids,Iowa,50058,POINT(-94.673563 41.871983)
S0356,Carroll,Char-Mac of Manning,No,42,Tanner,Chartier,(712) 655-4893,(712) 655-4949,tanner@char-mac.com,203 11th Street,Manning,Iowa,51455,
S0347,Cass,Allen Place,No,78,Wendy,Richter,(712) 243-3820,(712) 273-6707,alclicense@enlivant.com; wrichter@enlivant.com,1406 East 19th Street,Atlantic,Iowa,50022,POINT(-94.992896 41.391526)
S0055,Cass,Heritage House,No,108,Karen,Bentsen,(712) 243-1850,(712) 243-3418,kbentsen@wesleylife.org,1200 Brookridge Cir,Atlantic,Iowa,500222304,POINT(-94.999992 41.398786)
S0188,Cass,Griswold Care Center AL,No,20,Jean,Kerber,(712) 778-2534,(712) 778-2675,griswold@tutera.com,106 Harrison Street,Griswold,Iowa,515358042,POINT(-95.134516 41.236657)
S0329,Cedar,Clarence Assisted Living,No,36,Rebekah,Tjaden,(563) 452-3266,(563) 452-3268,rebekah@clarenceseniorliving.com,408 2nd Avenue,Clarence,Iowa,52216,POINT(-91.062804 41.885543)
S0213,Cedar,Prairie Hills at Tipton,Yes,70,Jerri K,Ross,(563) 886-1584,(563) 886-9101,edtipton@symphonyseniorliving.com,219 South Cedar Street,Tipton,Iowa,527721764,POINT(-91.129209 41.762308)
S0166,Cerro Gordo,Apple Valley AL,No,98,Terri,Cosselman,(641) 357-7083,(641) 257-3038,aval@cltel.net,405 27th Avenue South,Clear Lake,Iowa,504284012,POINT(-93.387179 43.111885)
S0128,Cerro Gordo,Courtyard A.L.,No,18,Sheri,Weaver-Isvik,(641) 357-1648,(641) 357-7154,sweaver@abcmcorp.com,401 W. 10th Avenue North,Clear Lake,Iowa,504284202,POINT(-93.392315 43.144458)
S0120,Cerro Gordo,Cornerstone AL,No,90,Jean ,Palmer,(641) 424-1740,(641) 423-1751,vangrouwj@usa.net,302 2nd Street NE,Mason City,Iowa,504013412,POINT(-93.195774 43.153646)
S0004,Cerro Gordo,"Country Meadow Place, LLC",Yes,49,Kimberly,Boyd,(641) 423-7722,(641) 421-8078,manager@countrymeadowplace.com,17396 Kingbird Ave,Mason City,Iowa,504019251,POINT(-93.286922 43.148208)
S0045,Cerro Gordo,Homestead Assisted Living,No,70,Susan,Wiley,(641) 423-4809,(641) 423-0441,swiley@homesteadofmasoncity.com,2501 W. State Street,Mason City,Iowa,504018916,POINT(-93.238497 43.152229)
S0153,Cerro Gordo,Kentucky Ridge Neighborhood AL,No,120,Jean ,Palmer,(641) 423-5707,(641) 423-5710,vangrouwj@usa.net,2060 Kentucky Avenue South,Mason City,Iowa,504017129,POINT(-93.181254 43.133163)
S0158,Cherokee,Accura Healthcare of Cherokee,No,24,Shella,Bahrke,(712) 225-5724,(712) 225-3917,Cherokee@accura.healthcare,921 Riverview Drive,Cherokee,Iowa,510121578,POINT(-95.534771 42.758673)
S0278,Cherokee,Gardens @ Cherokee,No,68,Jana,Utesch,(712) 225-2999,(712) 225-6290,manager.cherokee@gardenslifestyle.com,1610 Highway 3,Cherokee,Iowa,51012,POINT(-95.551215 42.770711)
S0014,Cherokee,Heartland Care Center,No,21,LuAnn,Rogge,(712) 376-2500,(712) 376-2512,heartland@midlands.net,604 E. Fenton,Marcus,Iowa,510357170,POINT(-95.80045 42.818976)
S0284,Chickasaw,Whispering Willow AL,Yes,52,Brent ,Olsen,(563) 237-5075,(563) 237-5074,whispwal@hotmail.com,601 Dawn Avenue,Fredericksburg,Iowa,506301033,POINT(-92.194565 42.958643)
S0211,Chickasaw,Cedar Vale,No,40,TONIA,OLSEN,(641) 435-4040,(641) 435-4988,tonia7585@Hotmail.com,100 Poppe Lane,Nashua,Iowa,506589704,POINT(-92.532224 42.956748)
S0202,Chickasaw,Kensington Place,No,68,Kaitlain,Kroeze,(641) 394-4153,(641) 394-3708,kensingtonplaceassistedliving1@gmail.com,504 Short Avenue,New Hampton,Iowa,506591867,POINT(-92.305272 43.054657)
S0313,Clarke,Homestead of Osceola,Yes,86,Michelle,Jameson,(641) 342-1036,(641) 342-1039,mjameson@homesteadofosceola.com,334 North West View Drive,Osceola,Iowa,50213,POINT(-93.784796 41.039445)
S0091,Clay,Cobble Creek AL of Spencer,No,12,Aimee,Meyer,(712) 262-1430,(712) 262-1454,aimeemeyer25@yahoo.com,2116 1st Ave E,Spencer,Iowa,513012313,POINT(-95.144008 43.160032)
S0040,Clay,Riverview Terrace,Yes,114,Kerri,Kofoot,(712) 262-5932,(712) 580-5932,kerri.kofoot@stlukelh.com,1501 St. Luke Drive,Spencer,Iowa,513016073,POINT(-95.125464 43.125357)
S0152,Clayton,Kingston Court,No,42,Kristin,Dunlap,(563) 245-1620,(563) 245-2198,kdunlap@elkadercarecenter.com ,118 Reimer Street SW,Elkader,Iowa,520439558,POINT(-91.404555 42.847898)
S0247,Clayton,Tower Living Center,No,7,Mary,Eulberg,(563) 964-9090,,eulberg@mchsi.com,"103 Centre Street, Box 477",Garnavillo,Iowa,52049,POINT(-91.235214 42.868805)
S0354,Clayton,Eagle Ridge Independent and Assisted Living,No,36,Janette,Simon,(563) 252-2288,(563) 252-2287,jsimon@abcmcorp.com,1329 Acre Street,Guttenberg,Iowa,52052,POINT(-91.106013 42.77894)
S0279,Clayton,River Living Center,No,11,Mary,Eulberg,(563) 252-3070,,eulberg@mchsi.com,831 South Hwy 52,Guttenberg,Iowa,52052,POINT(-91.100512 42.777438)
S0246,Clayton,Turner Pointe Assisted Living,No,18,Deanna,Kahler,(563) 873-3527,(563) 873-3723,dkahlergrcc@gmail.com ,1203 Buell Avenue,McGregor,Iowa,521577501,POINT(-91.190071 43.020897)
S0215,Clayton,Garden View Senior Community,Yes,56,Randee,Koenig,(563) 539-4528,(563) 539-4895,gardenview@neitel.net,800 Darby Drive,Monona,Iowa,521598157,POINT(-91.401524 43.049368)
S0303,Clayton,Swales Assisted Living,No,17,Rozelle,Howard,(563) 933-6037,(563) 933-2204,office@splh.org,313 Elkader St.,Strawberry Point,Iowa,52076,POINT(-91.534232 42.686832)
S0010,Clinton,Bickford Cottage Clinton,Yes,65,Kim ,Schaffer,(563) 242-2400,(563) 242-7620,kim.schaffer@enrichinghappiness.com,1150 13th Ave N,Clinton,Iowa,527323402,POINT(-90.213883 41.859318)
S0243,Clinton,Prairie Hills at Clinton,Yes,100,Heather,Christiansen,(563) 243-6870,(563) 242-0404,edclinton@symphonyseniorliving.com,1701 13th Avenue North,Clinton,Iowa,527323300,POINT(-90.2272 41.859278)
S0089,Clinton,Maggie's House Assisted Living,No,40,JoElla,O'Connell,(563) 659-1678,(563) 659-1618,joconnell@maggieshouse.com,107 E 2nd,DeWitt,Iowa,527422140,POINT(-90.531871 41.816978)
S0171,Clinton,Lincolnway Villa AL,No,28,Michael,Weih,(563) 374-1295,(563) 374-1107,wmanor@fbcom.net,320 East Lincolnway,Wheatland,Iowa,527779731,POINT(-90.835162 41.833459)
S0013,Crawford,Reed House,No,40,Donna,Snyder,(712) 263-8657,(712) 263-2371,dsnyder@seniorlifestyle.com,2506 3rd Ave N,Denison,Iowa,514421730,POINT(-95.336003 42.020184)
S0315,Crawford,"Silveridge, An Eventide Community, LLC",No,72,Kara,Webb,(712) 263-2639,(712) 263-8819,kwebb@eventidehome.com,222 South 20th Street,Denison,Iowa,51442,POINT(-95.343941 42.014192)
S0219,Dallas,Adel Assisted Living Apartments,No,28,Linda,Crawford,(515) 993-5176,(515) 993-5177,lcrawford@wesleyservices.org,504 VAN FOSSEN,ADEL,Iowa,500031689,POINT(-94.037349 41.610746)
S0068,Dallas,Perry Lutheran Home AL,No,9,Quinn,Adair,(515) 465-5342,(515) 465-5344,adminplh@qwestoffice.net,2323 E Willis Ave,Perry,Iowa,502202148,POINT(-94.090266 41.838469)
S0346,Dallas,Rowley Masonic AL Community,Yes,32,CINDY,FRIESE,(515) 465-5316,(515) 465-4869,"cindy@rowleymasoniccommunity.org; 
trish@rowleymasoniccommunity.org",1300 28th Street; PO Box 578,Perry,Iowa,50220,POINT(-93.742163 41.591434)
S0129,Dallas,Spring Valley Senior AL,Yes,77,Quinn,Adair,(515) 465-7501,(515) 465-7509,quinn.adair@perrylutheranhome.org,501 12th Street,Perry,Iowa,502201913,POINT(-94.091396 41.833123)
S0257,Dallas,Village at Legacy Pointe,No,80,Amy,Barth,(515) 987-3625,(515) 987-3265,abarth@watermarkcommunities.com,1654 SE Holiday Crest Circle,Waukee,Iowa,502638685,POINT(-93.84037 41.610899)
S0317,Dallas,"Waukee Memory Care, LLC",Yes,32,Amy,Barth,(515) 987-4103,(515) 987-5795,abarth@watermarkcommunities.com,1505 SE Laurel Street,Waukee,Iowa,50263,
S0296,Dallas,Edgewater Assisted Living,Yes,96,Heidi,Baker,(515) 978-2400,(515) 978-2436,hbaker@WesleyLife.org,9250 Edgeline Drive,West Des Moines,Iowa,50266,POINT(-93.833196 41.556922)
S0123,Davis,Mulberry Place,No,28,Patricia,Quail,(641) 664-2523,(641) 664-2929,pquail@abcmcorp.com,11 Deborah Drive,Bloomfield,Iowa,525371174,POINT(-92.415645 40.761279)
S0256,Decatur,Lamoni AL,No,10,Jacqueline,Welchans,(641) 784-8910,(641) 784-8913,jwelchans@careinitiatives.org; rmccoy@careinitiatives.org,810 East Third,Lamoni,Iowa,501401300,
S0109,Decatur,Terrace Park Sr Living,No,32,Jonda ,Petty,(641) 446-8396,(641) 446-8398,terrpark@grm.net,201SW Lorraine,Leon,Iowa,501441182,
S0082,Delaware,Lincolnwood AL,No,54,Kaylee,Ries,(563) 928-6461,(563) 928-6462,laliving@iowatelecom.net; shejda@assistedlivingpartners.com,"302 W Lincoln, PO Box 189",Edgewood,Iowa,520420189,
S0069,Delaware,Meadows (The),No,74,Ashley,Pasker,(563) 927-6467,(319) 927-8436,apasker@goodneighborsociety.org,200 McCarren Dr,Manchester,Iowa,520570000,POINT(-91.439905 42.485824)
S0011,Des Moines,Bickford Cottage Burlington,Yes,55,Julie,Hoschek,(319) 754-7500,(319) 754-0447,Julie.hoschek@enrichinghappiness.com,3301 Sterling Dr,Burlington,Iowa,526018660,POINT(-91.143022 40.799424)
S0067,Des Moines,Rosebush Gardens,No,72,Cheryl,Thoma,(319) 752-1200,(319) 752-5800,rosebushgardens1@gmail.com,4925 West Ave,Burlington,Iowa,526010000,POINT(-91.16217 40.796996)
S0287,Des Moines,SunnyBrook of Burlington,Yes,100,Josh,Beelman,(319) 752-0260,(319) 754-8782,"Administrator@sunnybrookburlington.com; 
nurse@sunnybrookburlington.com",5175 West Avenue,Burlington,Iowa,52601,POINT(-91.169277 40.796968)
S0298,Dickinson,Hawkeye AL,No,44,Daren,Butcher,(712) 338-4742,(712) 338-2281,dbutcher@hawkeyecare.com,1401 H Avenue,Milford,Iowa,51351,POINT(-95.158232 43.328846)
S0258,Dickinson,Vista Prairie at Keelson Harbour,Yes,174,Jessie,Warburton,(712) 336-4501,(712) 336-4502,jessiewarburton@vistaprairie.org,2810 Aurora Avenue,Spirit Lake,Iowa,513607055,POINT(-95.125031 43.413716)
S0025,Dickinson,Welcov at Spirit Lake,No,53,Kathleen,Johnson,(712) 336-3553,(712) 336-4478,kathleen.biittner@welcov.com,1819 23rd St,Spirit Lake,Iowa,513607096,POINT(-95.116932 43.418353)
S0237,Dubuque,River Bend Retirement Community,No,62,Karen,Holmes,(563) 852-5001,(563) 852-5154,rbmanager@netins.net ,813 Tyler Street NE,Cascade,Iowa,52033,POINT(-91.014109 42.308258)
S0301,Dubuque,Assisi Village Assisted Living,No,44,Lisa,Crawford,(563) 583-8234,(563) 583-8398,lcrawford@stonehilldbq.com,1001 Assisi Drive,Dubuque,Iowa,520011312,POINT(-90.670899 42.533482)
S0348,Dubuque,Eagle Pointe Place,No,138,Megan,Pedersen,(563) 690-1900,(563) 690-0600,mpedersen@enlivant.com; alclicense@enlivant.com,2700 Matthew John Drive,Dubuque,Iowa,52002,POINT(-90.731463 42.520854)
S0218,Dubuque,Oak Park Place,Yes,128,Dara,Fishnick,(563) 585-4900,(563) 582-6431,"dfishnick@oakparkplace.com
",1381 Oak Park Place,Dubuque,Iowa,520022286,POINT(-90.733815 42.497263)
S0331,Dubuque,Rose of Dubuque,No,140,Carol,Sheets,(563) 556-1977,(563) 845-7200,roseofdbqadmin@rosecommunities-alf.com; Rosepersonnel@rosecommunities-alf.com; roseoperations@rosecommunities-alf.com,3390 Lake Ridge Drive,Dubuque,Iowa,52003,POINT(-90.720028 42.485609)
S0127,Dubuque,Sunset Park Place Company LLC,Yes,101,Jerry,Bell,(563) 583-7939,(563) 583-2982,jerry@sunsetparkplace.net,3730 Pennsylvania Ave,Dubuque,Iowa,520023701,POINT(-90.733177 42.500748)
S0155,Dubuque,Ellen Kennedy Living Center,No,64,Kari ,Wittmeyer,(563) 875-6323,(563) 875-6268,wittmeyk@mercyhealth.com,1177 7th Street SW,Dyersville,Iowa,520402513,POINT(-91.134226 42.475735)
S0302,Emmet,Spring Creek Independent and Assisted Living,No,24,Mary,Tirevold,(712) 868-5567,(712) 868-5566,mtirevold@abcmcorp.com,110 2nd Avenue,Armstrong,Iowa,50514,POINT(-94.486296 43.396238)
S0352,Emmet,Windsor Manor AL,Yes,72,Patty,Youll,(712) 362-0171,(712) 362-0034,patty.youll@windsor-manor.com,2015 3rd Avenue North,Estherville,Iowa,51334,POINT(-94.815272 43.40442)
S0350,Fayette,Maple Memory Lane,Yes,14,Angelique,Vagts,(563) 425-3336,(563) 425-3512,angeliquemarievagts89@gmail.com,100 Bolger Drive,Fayette,Iowa,52142,POINT(-91.80917 42.840683)
S0204,Fayette,Maples Assisted Living,No,26,Debbie,Heldt,(563) 425-4160,(563) 425-4401,debbie1620@hotmail.com,98 Bolger Drive,Fayette,Iowa,521429716,POINT(-91.809131 42.841389)
S0157,Fayette,Arlington Place of Oelwein,Yes,54,Brett,Ingersoll,(319) 283-3334,(319) 283-3510,managerow@arlingtonplaceretirement.com,1101 3rd Street SW,Oelwein,Iowa,506622001,POINT(-91.930889 42.674613)
S0238,Fayette,Stoney Brook Village,No,72,Kathryn,Moser,(563) 422-7145,(563) 422-5714,kmoser@stoneybrookassistedliving.net,705 South Pine Street,West Union,Iowa,521751548,POINT(-91.804373 42.950572)
S0265,Fayette,Traditions at West Union,Yes,86,Jacquie,Spier,(563) 422-9200,(563) 422-9300,"jspier@oxfordmgmt.com; 
pmoss@oxfordmgmt.com",609 Hwy 150 N,West Union,Iowa,521751057,POINT(-91.815058 42.969257)
S0083,Floyd,Apple Valley Assisted Living Charles City,No,42,Terri,Cosselman,(641) 257-3003,(641) 257-3038,aval@cltel.net,801 Blunt Pkwy #39,Charles City,Iowa,506162207,POINT(-92.675753 43.068108)
S0194,Floyd,Riverside Senior Living,No,40,David,Ayers,(641) 228-2800,(641) 228-3886,riverside@fiai.net,209 Park Drive,Charles City,Iowa,506161619,POINT(-92.688379 43.069762)
S0060,Floyd,Summit Heights,No,16,William ,Byerly,(641) 749-2411,(641) 749-5874,bbyerly@abcmcorp.com,8 S Summit Ave,Nora Springs,Iowa,504588638,POINT(-93.016487 43.142452)
S0126,Franklin,Apple Valley Hampton,No,42,Terri,Cosselman,(641) 456-4692,(641) 456-4854,aval@cltel.net,1724 Central Avenue East,Hampton,Iowa,504411865,POINT(-93.186491 42.741278)
S0305,Franklin,Leahy Grove Independent and Assisted Living,No,32,Morgan,Prestholt,(641) 456-2701,(641) 456-5180,mallbee@abcmcorp.com,800 Second Street SE,Hampton,Iowa,504412626,POINT(-93.204948 42.735937)
S0304,Franklin,Deerfield Place,No,32,Jackie,Jass,(641) 892-8080,(641) 892-8081,managerdeerfieldplace@outlook.com,505 East Gilman St,Sheffield,Iowa,50475,
S0269,Greene,Gardens Assisted Living,No,68,Matt,Gordon,(515) 386-2555,(515) 386-3179,manager@gardenslifestyle.com,1000 West Washington,Jefferson,Iowa,501294701,POINT(-94.384951 42.017238)
S0105,Grundy,Oak Estates,No,32,Kara,Butler,(641) 366-3115,(641) 366-3100,k.butler@oakviewinc.net,110 Alice Street,Conrad,Iowa,506212019,POINT(-92.868407 42.224285)
S0112,Grundy,Arlington Place of Grundy Center,No,80,Kaylene,Hoskins,(319) 824-5674,(319) 824-5676,managergc@arlingtonplaceretirement.com,95 D Avenue,Grundy Center,Iowa,506381950,POINT(-92.763099 42.364378)
S0341,Grundy,Elms,No,24,Misti,Ellis,(319) 345-6811,(319) 345-2624,mellis@parkviewreinbeck.com,1007 3rd Street,Reinbeck,Iowa,50669,POINT(-92.607953 42.323978)
S0087,Guthrie,New Homestead,No,28,Lanny,Ward,(641) 332-2204,(641) 332-2982,lanny.ward@thenewhomestead.org,2306 State St,Guthrie Center,Iowa,501158896,POINT(-94.423501 41.680636)
S0264,Guthrie,Lakeside Village,Yes,128,Brenda ,Johnson,(641) 755-3443,(641) 755-3980,manager@thelakesidevillage.com; nurse@thelakesidevillage.com,2067 Highway 4,Panora,Iowa,502168696,POINT(-94.362679 41.710229)
S0255,Guthrie,Panora AL,No,13,Jana,Cates,(641) 755-2700,(641) 755-3547,jcates@careinitiatives.org; rmccoy@careinitiatives.org,807 East Main Street,Panora,Iowa,502161017,POINT(-94.352969 41.691851)
S0122,Guthrie,Willows (The),No,24,Maradith,Janssen,(515) 523-2815,(515) 523-9123,admin@stuartcommunitycare.com,324 SW 6th Street,Stuart,Iowa,502502169,POINT(-94.324435 41.498231)
S0141,Hamilton,Southfield Wellness Community AL,No,50,John,Boughton,(515) 832-3715,(515) 832-3241,jboughton@abcmcorp.com; nkumm@abcmcorp.com,2414 Des Moines Street,Webster City,Iowa,505953514,POINT(-93.820749 42.451964)
S0272,Hamilton,Windsor Manor Webster City,Yes,82,Jodi,Berns-Lennon,(515) 832-1188,(319) 363-6145,Jodi.berns-lennon@windsor-manor.com,1401 Wall Street,Webster City,Iowa,505952758,POINT(-93.839182 42.456349)
S0336,Hancock,Summit House Assisted Living,No,90,Jody,Seelhammer,(641) 843-3333,(641) 843-3434,admin.summithouse@mediacombb.net,600 1st Street NW,Britt,Iowa,50423,POINT(-93.807842 43.097821)
S0119,Hancock,Cardinal Grove,No,28,Sue,Boehnke,(641) 923-2114,(641) 923-0074,sboehnke@abcmcorp.com,1355 Division Street,Garner,Iowa,504381968,POINT(-93.609015 43.091078)
S0332,Hardin,Grand JiVante,No,18,Brooke,Webb,(641) 847-3531,(641) 847-3428,bwebb@grandjivante.com,1008 Second Avenue,Ackley,Iowa,50601,POINT(-93.048071 42.55222)
S0154,Hardin,Estabrook Lodge Assisted Living,No,8,Susan,Eichmeier,(641) 939-3491,(641) 939-2583,seichmeier@careinitiatives.org ,2302 Rick Collins Way,Eldora,Iowa,506278357,POINT(-93.111103 42.357049)
S0143,Hardin,Ashbrook Assisted Living,No,82,Julie,Feeney,(641) 648-8080,(641) 648-8076,jfeeney@slcif.com ,1121 Fremont Street,Iowa Falls,Iowa,501261389,POINT(-93.261052 42.527019)
S0249,Harrison,Dunlap Assisted Living,No,12,Kerri,Klaahsen,(712) 643-2121,(712) 643-5502,kklaahsen@careinitiatives.org,1405 Harrison Road,Dunlap,Iowa,515291565,POINT(-95.59004 41.848879)
S0001,Harrison,Longview Retirement Apts,No,36,Christine,Hedger,(712) 642-2264,(712) 642-2578,yvr@aol.com,1010 Longview Rd,Missouri Valley,Iowa,515551227,POINT(-95.884253 41.566876)
S0156,Harrison,Rose Vista Assisted Living,No,15,Noel ,Sherer,(712) 647-2010,(712) 647-3235,sherers@rosevista.net,"1108 Park Street, Po Box 6",Woodbine,Iowa,515790006,POINT(-95.709967 41.743775)
S0208,Henry,SunnyBrook of Mt. Pleasant,Yes,70,Jennifer,Millard,(319) 385-7227,(319) 385-3909,Administrator@sunnybrookmtpleasant.com,1406 East Linden Drive,Mt. Pleasant,Iowa,526411891,POINT(-91.526843 40.951718)
S0230,Henry,Willows (The),Yes,12,Sheila,Matheney,(319) 385-1403,(319) 219-2962,sheila@arborcourt.net,710 Arbor Court,Mt. Pleasant,Iowa,526411400,
S0210,Howard,Cresco Assisted Living,No,54,Heidi,Rice,(563) 547-2364,(563) 547-5013,crescoassistedliving@gmail.com,1004 North Elm Street,Cresco,Iowa,521361097,POINT(-92.113941 43.383133)
S0345,Howard,Donald Lundak Assisted Living Center,Yes,24,Cambria,Bullerman,(563) 547-1194,(563) 547-4274,health_services@countrywindsmanor.com,21668 80th St.,Cresco,Iowa,52136,POINT(-92.145821 43.400175)
S0094,Howard,Afton Oaks AL,No,20,Bill,Byerly,(641) 393-2134,(641) 393-2004,bbyerly@abcmcorp.com,405 9th St,Elma,Iowa,506288376,POINT(-92.446425 43.243914)
S0203,Humboldt,Springvale Assisted Living,No,32,Terry,Raymond,(515) 332-7660,(515) 332-7646,terryr@humboldthospital.org,1050 15th Street North,Humboldt,Iowa,505481076,POINT(-94.230241 42.732431)
S0180,Ida,Willow Dale Independent & Assisted Living,No,20,Mary Ellen,Carr,(712) 365-4338,(712) 365-4855,mcarr@abcmcorp.com,118 North Ida Street,Battle Creek,Iowa,510069425,POINT(-95.597923 42.316476)
S0222,Ida,CHAR-MAC AL OF HOLSTEIN/THE RIDGE,No,70,JEANINE,CHARTIER,(712) 368-4893,(712) 368-4949,charmacj@wiatel.net,1500 SOUTH KIEL,HOLSTEIN,Iowa,510255081,POINT(-95.543262 42.480801)
S0316,Ida,Golden Horizons,No,46,Suelinn,Grant,(712) 364-4128,(712) 364-2002,sgrant@goldenhorizons.org,800 Byron Godbersen Drive,Ida Grove,Iowa,51445,
S0103,Iowa,Lakeview Village,No,56,Kelsie,Ballard,(319) 622-6500,(319) 622-6046,kelsieb@southslope.net,3012 F Drive,Amana,Iowa,522038224,POINT(-91.894523 41.801137)
S0185,Iowa,Valley View Assisted Living,No,24,Jody ,Morrison,(319) 664-3257,(319) 664-3875,evncc@netins.net,"150 W. Washington, Po Box 430",North English,Iowa,523169514,
S0196,Iowa,Highland Ridge,No,94,Krista,Humphrey,(319) 668-3800,(319) 668-3801,khumphrey@preshomes.org,100 Village View Circle,WILLIAMSBURG,Iowa,523619684,POINT(-92.001637 41.671254)
S0030,Jackson,Sunrise Villa,No,36,James,Harkness,(563) 872-5521,(563) 872-5609,antler146@gmail.com,308 North 12th Street,Bellevue,Iowa,520311944,POINT(-90.438072 42.258626)
S0078,Jackson,Clover Ridge Place,Yes,79,Cheri,Orcutt,(563) 652-2125,(563) 652-0145,manager@cloverridgeplace.net,205 Ehlers Lane,Maquoketa,Iowa,520609615,POINT(-90.685366 42.069854)
S0182,Jasper,"Newton Village, Inc.",Yes,88,Timothy,Jordison,(641) 792-1905,(641) 792-0226,tjordison@elimcare.org,122 N. 5th Avenue West,Newton,Iowa,502083190,POINT(-93.054345 41.703256)
S0201,Jasper,Park Centre,No,32,Jasmine,Farver,(641) 791-5000,(641) 791-4522,jyoder@wesleylife.org,500 1st Street North,Newton,Iowa,502083119,POINT(-93.053623 41.703595)
S0276,Jefferson,Oaks at Parkview Care Center,No,32,Sarah,Flattery,(641) 472-5022,(641) 472-6483,osby@iowatelecom.net; theoaks@theoaksfairfieldiowa.com; sarah@osbycorp.com,2235 Hwy 34,Fairfield,Iowa,52556,POINT(-91.905066 41.002803)
S0170,Jefferson,SunnyBrook of Fairfield,No,126,Mickey,Thompson,(641) 469-5778,(641) 469-4529,Administrator@sunnybrookfairfield.com,3000 West Madison Avenue,Fairfield,Iowa,525564205,POINT(-91.998325 41.002739)
S0111,Johnson,Brown Deer Place,No,44,Jodie,Conrad,(319) 337-6320,(319) 341-7997,manager@browndeerplace.com,1500 1st Ave N,Coralville,Iowa,522411192,POINT(-91.566556 41.693186)
S0023,Johnson,Bickford Cottage Iowa City,Yes,65,Seth,Ickowitz,(319) 351-3200,(319) 351-6861,seth.ickowitz@enrichinghappiness.com,3500 Lower W Branch Rd,Iowa City,Iowa,522454106,POINT(-91.482557 41.664646)
S0181,Johnson,Emerson Point,No,108,Victoria,Huffman,(319) 466-0200,(319) 466-9370,Victoria@burnshousing.com,1355 Shannon Drive,Iowa City,Iowa,522464192,POINT(-91.580712 41.646871)
S0163,Johnson,Legacy Gardens,Yes,40,Kaylan,Hamerlinck,(319) 341-0911,(319) 341-4324,kaylan.hamerlinck@legacypointeiowa.com,15 Silvercrest Place,Iowa City,Iowa,522400000,POINT(-91.482642 41.648613)
S0116,Johnson,Legacy Pointe,Yes,136,Kaylan,Hamerlinck,(319) 341-0911,(319) 341-4324,kaylan.hamerlinck@legacypointeiowa.com,1020 S. Scott Blvd.,Iowa City,Iowa,522405832,POINT(-91.482908 41.649122)
S0159,Johnson,Melrose Meadows Retirement Community,No,52,Jody,Thomas,(319) 341-7893,(319) 248-1183,jthomas.mm@mchsi.com,350 Dublin Drive,Iowa City,Iowa,522466013,POINT(-91.585879 41.655916)
S0093,Johnson,Oaknoll AL,Yes,84,Jaclyn,Hoffman,(319) 351-1720,(319) 351-6772,jhoffman@oaknoll.com,1 Oaknoll Ct,Iowa City,Iowa,522465250,POINT(-91.555911 41.651495)
S0061,Johnson,Pioneer Place AL,Yes,42,Chris,Wolf,(319) 629-4255,(319) 629-4505,lthccadmin@lthcc.com,415 E Pioneer Rd,Lone Tree,Iowa,527559709,POINT(-91.422957 41.481522)
S0360,Johnson,Keystone Place at Forevergreen,Yes,152,Mary Jo,Pipkin,(319) 459-1964,(319) 459-1967,mjpipkin@keystonesenior.com,1275 West Forevergreen Road,North Liberty,Iowa,52317,POINT(-91.619345 41.723195)
S0306,Johnson,Solon Assisted Living Village,No,36,Christine,Cross,(319) 624-5353,(319) 624-5363,manager@solonretirementvillage.com,623 E. 5th Street,Solon,Iowa,52333,POINT(-91.488903 41.802092)
S0253,Jones,Woodland Park Assisted Living,No,32,Dallas,Urbain,(319) 462-2668,(319) 462-5038,woodlandparkanamosa@gmail.com; shejda@assistedlivingpartners.com,1207 East Third Street,Anamosa,Iowa,522051569,POINT(-91.272107 42.104774)
S0110,Jones,Pennington Square,No,48,Tammy,Gillmore,(319) 465-2013,,"tammy.gillmore@yahoo.com; dchensvold@yahoo.com 
",502 Pinehaven Dr,Monticello,Iowa,523102062,POINT(-91.184563 42.228211)
S0325,Keokuk,Deer View Manor,No,50,Sandra,Ahn,(641) 622-2142,(641) 622-9910,sahn@abcmcorp.com,1212 South Stuart Street,Sigourney,Iowa,52591,POINT(-92.206377 41.323384)
S0144,Keokuk,Sigourney AL,No,18,Harold,McElderry,(641) 622-2971,(641) 622-3165,Sigourney.admin@imgcares.com,810 South Stone Street,Sigourney,Iowa,525911244,POINT(-92.20755 41.327283)
S0242,Kossuth,Huskamp Haven,No,32,Sandy,Buscher,(515) 395-3300,(515) 395-3301,sbuscher@good-sam.com,300 Riverview Drive,Algona,Iowa,505113241,POINT(-94.24175 43.063954)
S0335,Kossuth,Windsor Manor Algona,Yes,70,Terri,Tweedy,(515) 395-1512,(515) 395-1513,terri.tweedy@windsor-manor.com,512 N. Finn Drive,Algona,Iowa,50511,POINT(-94.207385 43.072955)
S0294,Kossuth,Hawkeye AL,No,18,Jeanne,Kinney,(515) 885-2463,(515) 885-2759,jkinney@hawkeyecare.com,548 East Ramsey,Bancroft,Iowa,50517,POINT(-94.20907 43.292911)
S0312,Kossuth,Main Street Manor,No,34,Kari,Hardt,(515) 477-0139,(712) 362-4648,khardt@abcmcorp.com,207 3rd Street North,Swea City,Iowa,50590,POINT(-94.309874 43.383612)
S0092,Lee,"Kensington, The",Yes,134,Rachel,Benda,(319) 372-4233,(319) 372-7940,rbenda@kensington-evergreen.com,2210 Ave H,Fort Madison,Iowa,526274000,POINT(-91.337247 40.630286)
S0280,Lee,SunnyBrook of Fort Madison,Yes,70,Sarah,Martin,(319) 372-8611,(319) 372-8131,administrator@sunnybrookftmadison.com,5025 River Valley Road,Fort Madison,Iowa,52627,POINT(-91.377808 40.631599)
S0053,Lee,River Hills Village,No,64,Heather,Ballew,(319) 524-5772,(319) 524-3001,administrator@riverhillsvillage.com,20 Village Circle,Keokuk,Iowa,526322040,POINT(-91.412175 40.432012)
S0065,Linn,Arbor Place,Yes,64,Susan,Schmitt,(319) 365-9171,(319) 363-3198,sschmitt@methwick.org,1140 K Avenue NW,Cedar Rapids,Iowa,524052430,POINT(-91.688877 41.983793)
S0035,Linn,Cottage Grove Place,Yes,38,Jill,East,(319) 297-5600,(319) 297-5555,jeast@cottagegroveplace.com,2115 1st Ave SE,Cedar Rapids,Iowa,524026358,POINT(-91.634925 42.009142)
S0108,Linn,Custom Care,No,48,Katie,Christensen,(319) 365-9171,(319) 363-5312,kchristensen@methwick.org,1224 13th St NW,Cedar Rapids,Iowa,524052404,POINT(-91.689553 41.98466)
S0113,Linn,Garnett Place,No,49,Kimberly,Emrich,(319) 362-3630,(319) 247-5791,manager@garnettplace.net,202 35th St Dr SE,Cedar Rapids,Iowa,524031353,POINT(-91.632054 42.013351)
S0286,Linn,Irving Point,No,110,Tina,Perry,(319) 294-5007,(319) 337-2430,tperry@keywaymanagement.com,910 7th Avenue SE,Cedar Rapids,Iowa,52401,
S0195,Linn,Keystone Cedars,Yes,141,Lisa,Cleland,(319) 393-9500,(319) 393-9501,lcleland@keystonesenior.com,6325 Rockwell Drive NE,Cedar Rapids,Iowa,524027203,POINT(-91.649616 42.041416)
S0228,Linn,MeadowView Memory Care Village,Yes,68,Kelly,Scanlon,(319) 294-9669,(319) 390-8080,cdirector@viewsseniorliving.com,3005 F Avenue NW,Cedar Rapids,Iowa,524052944,POINT(-91.711892 41.980001)
S0277,Linn,Prairie Hills at Cedar Rapids,No,86,Cheri,Schultz,(319) 390-7700,(319) 390-3347,edcedarrapids@symphonyseniorliving.com,2903 F Avenue NW,Cedar Rapids,Iowa,52405,POINT(-91.710552 41.979949)
S0205,Linn,RidgeView Assisted Living,No,88,Keri,Boffeli,(319) 362-1050,(319) 396-4642,cdirector@viewsseniorliving.com; kboffeli@viewsseniorliving.com,2975 F Avenue NW,Cedar Rapids,Iowa,524052949,POINT(-91.711289 41.979971)
S0090,Linn,Promise House,Yes,20,Kent ,Walton,(319) 743-9812,(319) 743-9815,kwalton@hiawathacarecenter.com,1320 Litchfield Dr,Hiawatha,Iowa,522332343,POINT(-91.690934 42.042117)
S0029,Linn,Bickford Cottage Marion,Yes,46,Holly,Helget,(319) 373-7000,(319) 373-8783,holly.helget@enrichinghappiness.com,1100 Linden Dr,Marion,Iowa,523027714,POINT(-91.575542 42.037511)
S0248,Linn,Summit Pointe Senior Living Community,Yes,202,Christina,Bricker,(319) 373-4242,(319) 373-3013,"cbricker@summitpointeseniorliving.com
",3505 English Glen Avenue,Marion,Iowa,523024711,POINT(-91.573443 42.052894)
S0026,Linn,Village Ridge,Yes,104,Diana,Niemeier,(319) 377-9808,(319) 377-9821,diana@marionvillages.com,365 Marion Blvd,Marion,Iowa,523023139,POINT(-91.614611 42.029373)
S0124,Linn,Cherry Ridge,No,24,Peggy,Chensvold,(319) 895-8249,(319) 895-6703,pchensvold@abcmcorp.com,217 Highway 30 West,Mt Vernon,Iowa,523141597,POINT(-91.424829 41.91623)
S0351,Linn,Emery Place,Yes,62,Debbie,Crosser,(319) 536-0045,(319) 536-0047,manager@emeryplaceliving.com,901 South Mentzer Road,Robins,Iowa,52328,
S0311,Louisa,Colonial Estates,No,18,Sarah,Hand,(319) 728-2276,(319) 728-8998,shand@colonialmanors.com,815 Colonial Lane,Columbus Junction,Iowa,52738,POINT(-91.370511 41.272409)
S0233,Lucas,Homestead of Chariton,No,70,Kristen,Milledge,(641) 774-2303,(641) 774-2515,kmilledge@midwest-health.com,1110 North 6th Street,Chariton,Iowa,500491265,POINT(-93.301958 41.026924)
S0047,Lyon,"Rock Rapids PE, LLC",No,39,Payten,Steffen,(712) 472-4100,(712) 472-4231,admin.rrcc@trilliumhcg.com,1510 S Carroll,Rock Rapids,Iowa,512462078,POINT(-96.172738 43.418176)
S0080,Madison,QHC Madison Square LLC,Yes,74,Tina,Brayton,(515) 462-5087,(515) 462-9058,TBrayton@qhcmcares.com,209 W Jefferson,Winterset,Iowa,502731676,POINT(-94.015884 41.335444)
S0186,Mahaska,Homestead of Oskaloosa,Yes,142,Candice,Fuller,(641) 672-1090,(641) 672-1116,cfuller@homesteadofoskaloosa.com,2102 S. Market St.,Oskaloosa,Iowa,525774071,POINT(-92.644694 41.276309)
S0134,Mahaska,White Oak Estates,No,24,Clarice,Wright,(641) 673-4443,(641) 672-2522,whiteoak@iowatelecom.net,914 N. 12th St.,Oskaloosa,Iowa,525772416,POINT(-92.63063 41.302338)
S0132,Marion,Homestead of Knoxville,No,122,Kristi,Zellmer,(641) 828-7878,(641) 828-2184,kzellmer@homesteadofknoxville.com,908 South Park Lane,Knoxville,Iowa,501383176,POINT(-93.114353 41.311118)
S0322,Marion,Homestead of Knoxville Memory Care Center,Yes,24,Kristi,Zellmer,(641) 842-3986,(641) 842-3988,kzellmer@homesteadofknoxville.com,711 South Willetts Drive,Knoxville,Iowa,50138,POINT(-93.119045 41.313398)
S0337,Marion,Friesland AL and Zeeland Memory Support,Yes,72,Nancy,Hamilton,(641) 629-0730,(641) 628-9887,nhamilton@wesleylife.org,1742 Main Street,Pella,Iowa,50219,POINT(-92.916639 41.426863)
S0167,Marion,Vriendschap Village No,Yes,82,Lori,Garrard,(641) 628-9043,(641) 628-4259,lgarrard@watermarkcommunities.com,2604 Fifield Road,Pella,Iowa,502197925,POINT(-92.953868 41.407339)
S0012,Marshall,Bickford Cottage Marshalltown,Yes,44,Bianca,Greazel,(641) 753-5700,(641) 753-0829,bianca.greazel@enrichinghappiness.com,101 Newcastle Rd,Marshalltown,Iowa,501585241,POINT(-92.911138 42.020632)
S0086,Marshall,Glenwood Place,Yes,102,Pamela,Wells,(641) 752-8410,(641) 752-8515,manager@glenwoodplaceal.net,2907 S 6th St,Marshalltown,Iowa,501584687,POINT(-92.922123 42.010912)
S0191,Mills,Linnwood Estates,No,50,Deborah,Clark,(712) 527-1035,(712) 527-2771,ghadministrator@qwestoffice.net,700 North Linn Street,Glenwood,Iowa,515341100,POINT(-95.739206 41.053428)
S0283,Mitchell,Apple Valley Assisted Living,No,78,Terri,Cosselman,(641) 357-7083,(641) 357-1512,aval@cltel.net,300 Lyndale Street,Osage,Iowa,50461,POINT(-92.816831 43.271401)
S0231,Mitchell,Faith Home Assisted Living,No,28,Aimee,Krebsbach,(641) 832-2580,(641) 832-2582,aimeek.faith@gmail.com,912 Davidson Drive,Osage,Iowa,504611482,POINT(-92.808398 43.276663)
S0142,Monona,"Elmwood PE, LLC",No,48,Kaitlin,Thomas,(712) 423-2510,(712) 423-1754,admin.ewcc@trilliumhcg.com,190 North 15th Street,Onawa,Iowa,510401071,POINT(-96.103608 42.037345)
S0149,Monona,Pleasant View Assisted Living,No,26,Kathryn,Keane,(712) 458-2417,(712) 458-2179,pvcc@longlines.com,200 Shannon Dr,Whiting,Iowa,510631021,POINT(-96.158048 42.12498)
S0333,Monroe,Homestead of Albia,No,70,Kim,Wilson,(641) 932-2102,(641) 932-7997,k.wilson@homesteadofalbia.com,6592 165th Street,Albia,Iowa,52531,POINT(-92.789083 41.044981)
S0137,Montgomery,Arlington Place of Red Oak,Yes,64,Di,Smith,(712) 623-1999,(712) 623-2007,managerrd@arlingtonplaceretirement.com,800 East Ratliff Road,Red Oak,Iowa,515665102,POINT(-95.222289 41.030691)
S0009,Muscatine,Bickford Cottage Muscatine,Yes,56,Mindy,Rowe,(563) 263-6600,(563) 263-4310,mindy.rowe@enrichinghappiness.com,2807 Cedar St,Muscatine,Iowa,527612276,POINT(-91.076947 41.435957)
S0288,Muscatine,SunnyBrook of Muscatine,Yes,100,Monte,Priske,(563) 263-5108,(563) 264-6069,administrator@sunnybrookmuscatine.com,3515 Diana Queen Drive,Muscatine,Iowa,52761,POINT(-91.078726 41.447409)
S0121,Muscatine,Valley View Manor AL,No,28,Jeane,Arnette,(563) 263-1241,(319) 263-4180,jarnette@lutheran-homes.org,2421 Lutheran Dr,Muscatine,Iowa,527619382,POINT(-91.096971 41.417158)
S0118,Muscatine,West Liberty AL Residences,No,36,Shelley,Wicks,(319) 627-4775,(319) 627-4738,swicks@simpsonhome.org,1000 North Miller Street,West Liberty,Iowa,527761102,POINT(-91.259059 41.578372)
S0187,Muscatine,Leland Smith Assisted Living,No,48,Shelley,Wicks,(563) 732-2086,(563) 732-2465,swicks@simpsonhome.org,309 Ovesen Drive,Wilton,Iowa,527789605,POINT(-91.013975 41.596091)
S0150,O'Brien,Community Memorial AL,No,32,Jeannine ,Bunge,(712) 728-2524,(712) 728-2429,cmhc@tcaexpress.net; cmal@tcaexpress.net,233 North 8th Avenue West,Hartley,Iowa,513461077,POINT(-95.48685 43.184201)
S0039,O'Brien,Prairie View Inn,No,26,Wendy,Nelson,(712) 930-3228,(712) 729-5152,WNelson@tcaexpress.net,610 N. Eastern Street,Sanborn,Iowa,512481089,POINT(-95.64402 43.175391)
S0106,O'Brien,Cobble Creek AL of Sheldon,No,12,Aimee,Meyer,(712) 324-7404,(712) 324-7405,aimeelynn_25@yahoo.com,980 Oak Street,Sheldon,Iowa,512011221,POINT(-95.843702 43.187735)
S0135,O'Brien,Vista Prairie at Fieldcrest AL,Yes,152,Joshua,Von holdt,(712) 324-2338,(712) 324-5331,joshuavonholdt@vistaprairie.org,2501 East 6th Street,Sheldon,Iowa,512011763,POINT(-95.825498 43.182375)
S0101,Osceola,Heartwood Heights,No,44,Theresa ,Riley,(712) 754-3009,(712) 754-3782,hheights@premieronline.net,409 9th Ave North,Sibley,Iowa,512490000,POINT(-95.741722 43.408411)
S0020,Page,Eiler Place,No,71,Roger,Salinas,(712) 542-5508,(712) 542-2587,rsalinas@enlivant.com; cwehrkamp@enlivant.com,920 W Garfield,Clarinda,Iowa,516322072,POINT(-95.050075 40.735071)
S0328,Page,Windsor Manor Shenandoah,Yes,70,Mitch,Fall,(712) 246-2194,(712) 246-6182,"mitch.fall@windsor-manor.com
",601 Harrison Street,Shenandoah,Iowa,51601,POINT(-95.35884 40.760943)
S0169,Palo Alto,Emerald Oaks,No,42,Tammy,Shimon,(712) 852-4266,(712) 852-4662,tshimon@abcmcorp.com,2603 17th Street,Emmetsburg,Iowa,505362032,POINT(-94.683929 43.104758)
S0340,Palo Alto,Lakeside Assisted Living,No,24,Donna,Rierson,(712) 852-4060,(712) 852-9914,drierson@lakesidelutheranhome.com,401 North Lawler Street,Emmetsburg,Iowa,50536,
S0147,Palo Alto,Ruthven Community Care Center,No,30,Laura,Westergard,(712) 837-5411,(712) 837-5550,don-rccc@ruthvenccc.com,2701 Mitchell Street,Ruthven,Iowa,513587741,POINT(-94.888296 43.126999)
S0173,Palo Alto,Prairie Creek Assisted Living,No,32,Pat ,Zaugg,(515) 887-4071,(515) 887-3973,pzaugg@ensigngroup.net,301 4th Street NW,West Bend,Iowa,505975113,POINT(-94.448633 42.965927)
S0021,Plymouth,Park Place Estates,No,60,Sandra,Reuter,(712) 546-6793,(712) 546-8085,ppe@floydvalley.org,900 Lincoln St NE,LeMars,Iowa,510313345,POINT(-96.150211 42.799863)
S0197,Plymouth,Prime Assisted Living,No,54,Jean,Parrish,(712) 548-5488,(712) 546-6299,primelivingjp@frontiernet.net,108 1st Avenue NW,LeMars,Iowa,510313542,POINT(-96.167786 42.794391)
S0293,Plymouth,Bavarian Meadows,No,44,Rebecca,Staab,(712) 786-1660,(712) 786-1662,bmeadows@midland.net,632 - L14; PO Box 265,Remsen,Iowa,51050,
S0226,Pocahontas,Arlington Place of Pocahontas,Yes,63,Lauri,Fulkerth,(712) 335-3020,(712) 335-5875,managerph@arlingtonplaceretirement.com,101 NE 5th Street,Pocahontas,Iowa,505742139,POINT(-94.660529 42.73453)
S0342,Polk,Prairie Vista Village,No,68,Mika,Welling,(515) 967-8700,(515) 967-6824,executivedirector@prairievistavillage.com,2785 1st Avenue South,Altoona,Iowa,50009,POINT(-93.46465 41.624775)
S0358,Polk,Bridges at Ankeny,Yes,30,Mark,Walker,(515) 963-9815,(515) 964-7716,mwalker@thebridgesankeny.com,3510 NW Abilene Road,Ankeny,Iowa,50023,
S0359,Polk,Journey Senior Living of Ankeny,Yes,170,Julie,Kuchemann,(515) 850-1718,(515) 777-3055,julie@journeyseniorliving.com,3602 NW 5th Street,Ankeny,Iowa,50023,POINT(-93.648877 41.735329)
S0027,Polk,Mill Pond AL,No,98,Allison,Bass,(515) 964-2273,(515) 965-3100,abass@preshomes.org,1201 SE Mill Pond Ct,Ankeny,Iowa,500216534,POINT(-93.579434 41.724561)
S0357,Polk,Suites of Ankeny,No,68,Tricia,Heberer,(515) 635-0936,(515) 635-0967,theberer@sunnyviewcarecenter.com,420 NW Ash Drive,Ankeny,Iowa,50021,POINT(-93.610029 41.735417)
S0326,Polk,Vintage Hills at Prairie Trail,Yes,108,Kristen,Canham,(515) 963-4000,(515) 639-2130,kcanham@watermarkcommunities.com,1275 SW State Street,Ankeny,Iowa,50023,POINT(-93.619632 41.717859)
S0261,Polk,Courtyard Estates at Hawthorne Crossing,Yes,80,Tina,Overton,(515) 957-8399,(515) 967-4961,manager1@courtyard-estates.net,601 Hawthorne Crossing Dr. SE,Bondurant,Iowa,500351371,POINT(-93.455779 41.6941)
S0164,Polk,Silvercrest at Woodlands Creek,Yes,136,Greg,Ernst,(515) 223-9755,(515) 223-9875,greg.ernst@woodlandscreek.com,12605 Woodlands Parkway,Clive,Iowa,503258701,POINT(-93.79044 41.609453)
S0289,Polk,Walnut Ridge Senior Community,Yes,124,Allison,Bass,(515) 457-1111,(515) 224-5376,abass@preshomes.org,1701 Campus Drive,Clive,Iowa,50325,POINT(-93.772492 41.606728)
S0223,Polk,Rose of Des Moines,No,104,Jill,Clements,(515) 244-3300,(515) 271-7453,roseofdmadmin@rosecommunities-alf.com; Rosepersonnel@rosecommunities-alf.com; roseoperations@rosecommunities-alf.com,1330 19TH STREET,DES MOINES,Iowa,503145000,POINT(-93.642632 41.603664)
S0003,Polk,3801 Grand,Yes,120,Cole,Taggart,(515) 255-3499,(515) 255-9344,ctaggart@newburyliving.com,3801 Grand Ave,Des Moines,Iowa,503122800,POINT(-93.668638 41.584502)
S0072,Polk,Arbor Heights at University,No,25,Terry,Cooper,(515) 284-1280,(515) 284-0127,terry.cooper@pcitexas.net,233 University Ave,Des Moines,Iowa,503143124,POINT(-93.621109 41.600418)
S0057,Polk,Calvin Community AL Services,Yes,183,Susan,O'Connell,(515) 277-6141,(515) 271-0933,soconnell@CalvinCommunity.org,4210 Hickman Rd,Des Moines,Iowa,503103333,POINT(-93.675354 41.614915)
S0052,Polk,Claremont's Ramsey Village ,Yes,10,Tron,Dandy,(515) 274-3612,(515) 274-8004,trondandy@ramseyvillage.org,1611 27th St,Des Moines,Iowa,503105400,POINT(-93.653561 41.608585)
S0339,Polk,Edencrest at Riverwoods Assisted Living,Yes,80,Linda,Judkins,(515) 288-4040,(515) 528-2005,Riverwoodsmanager@edencrestliving.com,2210 East Park Avenue,Des Moines,Iowa,50320,POINT(-93.5759 41.555135)
S0241,Polk,Gardens at Luther Park,Yes,100,Julie,Reed,(515) 262-5639,(515) 266-2688,jreed@lutherparkcommunity.org,2910 E. 16th Street,Des Moines,Iowa,503161825,POINT(-93.594455 41.621585)
S0117,Polk,John's Harbor Memory Loss Center,Yes,19,Leah,Diehl,(515) 271-6504,(515) 271-6604,ldiehl@wesleylife.org,3520 Grand Ave.,Des Moines,Iowa,503124359,POINT(-93.664267 41.58448)
S0299,Polk,Prairie Hills at Des Moines,Yes,128,Patti,Hayes,(515) 256-9143,(515) 287-2945,eddesmoines@symphonyseniorliving.com,5815 SE 27th Street,Des Moines,Iowa,503209319,POINT(-93.56603 41.531043)
S0282,Polk,Rose of East Des Moines,No,128,Mary Alice,Mullin,(515) 883-1000,(515) 244-3460,roseofedmadmin@rosecommunities-alf.com; Rosepersonnel@rosecommunities-alf.com; roseoperations@rosecommunities-alf.com,1331 Idaho Street,Des Moines,Iowa,503162463,POINT(-93.599036 41.603179)
S0308,Polk,Village Assisted Living,No,108,Shelly,Charter,(515) 265-2571,(515) 265-3044,scharter@elimcare.org,2555 Guthrie Avenue,Des Moines,Iowa,503173096,POINT(-93.568546 41.614987)
S0075,Polk,Wesley Acres Central AL,No,118,Brandon,Kranovich,(515) 271-6500,(515) 271-6522,bkranovich@wesleylife.org,3520 Grand Ave,Des Moines,Iowa,503124359,POINT(-93.664267 41.58448)
S0323,Polk,Kennybrook Village,No,68,Linsey,Tjernagel,(515) 986-9925,,linsey.tjernagel@kennybrookvillage.com,200 SW Brookside Drive,Grimes,Iowa,50111,POINT(-93.80598 41.687866)
S0355,Polk,Edencrest at Green Meadows,Yes,128,Pamela,Smith,(515) 207-1984,(515) 777-2380,greenmeadowsmanager@edencrestliving.com,6750 Corporate Drive,Johnston,Iowa,50131,POINT(-93.710528 41.667323)
S0002,Polk,Martina Place,No,120,Brenda,Ballard,(515) 251-7999,(515) 331-8860,Brenda.ballard@chilivingcomm.org,5815 Winwood Dr,Johnston,Iowa,501311666,POINT(-93.698317 41.668337)
S0220,Polk,Courtyard Estates at Cedar Pointe,Yes,60,Chelsey,Stalker,(515) 285-9108,(515) 266-4344,manager@courtyard-estates.net,6132 NE 12TH AVENUE,Pleasant Hill,Iowa,503278911,POINT(-93.490349 41.600628)
S0239,Polk,Shores at Pleasant Hill,Yes,220,Seth,Reeves,(515) 262-4444,(515) 262-3840,admin@theshoreslife.com,1500 Edgewater Drive,Pleasant Hill,Iowa,503270921,POINT(-93.524918 41.603947)
S0042,Polk,Bickford Cottage Urbandale,Yes,98,Angela,Harris,(515) 331-3000,(515) 270-1781,angela.harris@enrichinghappiness.com,5915 Sutton Place,Urbandale,Iowa,503221877,POINT(-93.701715 41.648349)
S0362,Polk,"Deerfield Retirement Community, Inc.",No,40,Amy,LaCroix,(515) 331-6903,(515) 331-6955,amy.lacroix@lifespacecommunities.com,13731 Hickman Road,Urbandale,Iowa,50323,POINT(-93.807994 41.614977)
S0098,Polk,Senior Suites of Urbandale,No,98,Dee ,Luttenegger,(515) 270-9700,(515) 270-9582,dlutt@mchsi.com,4700 84th St,Urbandale,Iowa,503227352,POINT(-93.733206 41.645608)
S0056,Polk,Heritage Court,No,56,Sally,Seeley,(515) 223-1224,(515) 223-8152,"sallyseeley@fountainwest.net; patberry@fountainwest.net
",1499 Office Park Rd,W Des Moines,Iowa,502656500,POINT(-93.723784 41.591215)
S0043,Polk,Bickford Cottage WDM,Yes,66,Heidi ,Fristo,(515) 327-9400,(515) 223-0151,heidi.fristo@enrichinghappiness.com,5050 Hawthorne Dr,West Des Moines,Iowa,502655353,POINT(-93.772549 41.563933)
S0138,Pottawattamie,Avoca Lodge AL,No,40,Daniele,Thraen,(712) 343-2400,(712) 343-2501,dthraen@careinitiatives.org; rmccoy@careinitiatives.org,612 East York Road,Avoca,Iowa,515214504,POINT(-95.334513 41.502035)
S0344,Pottawattamie,Amelia Place,No,54,Deb,Snipes,(712) 325-4400,(712) 323-1436,dsnipes@enlivant.com; bpatel@enlivant.com,57 West Ferndale Drive,Council Bluffs,Iowa,51503,POINT(-95.798888 41.260659)
S0268,Pottawattamie,Bethany Heights Assisted Living,No,120,Paula,Fandry,(712) 328-8228,(712) 328-4058,fandry@bethanylutheranhome.org,11 Elliott Street,Council Bluffs,Iowa,515030223,POINT(-95.837406 41.279218)
S0330,Pottawattamie,Hansen House,Yes,52,Cassie,Erwin,(712) 242-5734,(712) 323-9715,hansenhousellc@cox.net,2331 Nash Boulevard,Council Bluffs,Iowa,51501,POINT(-95.878434 41.274473)
S0193,Pottawattamie,Heritage at Fox Run Assisted Living,No,132,Ron,Perry,(712) 256-2741,(712) 256-7609,rperry@foxrunassisted.com,3121 MacIneery Drive,Council Bluffs,Iowa,51501,POINT(-95.894405 41.211216)
S0273,Pottawattamie,Primrose Retirement Community,No,64,Paul,Larsen,(712) 352-1111,(712) 352-0145,plarsen@primroseretirement.com,1801 East Kanesville Blvd.,Council Bluffs,Iowa,51503,POINT(-95.823504 41.275527)
S0200,Pottawattamie,Risen Son Christian Village,Yes,26,Greg ,Witte,(712) 366-9655,(712) 366-4748,gwitte@chliving.org,3000 Risen Son Boulevard,Council Bluffs,Iowa,515031191,POINT(-95.801369 41.231455)
S0318,Pottawattamie,Rose of Council Bluffs,No,152,Robin,Garcia,(712) 322-1000,(712) 352-1790,roseofcbadmin@rosecommunities-alf.com; Rosepersonnel@rosecommunities-alf.com; roseoperations@rosecommunities-alf.com,2306 Sherwood Drive,Council Bluffs,Iowa,51503,POINT(-95.811861 41.280688)
S0070,Pottawattamie,Oakland Heights,No,24,Sammarra,Smith,(712) 482-3566,(712) 482-3609,ssmith@mgmhealthcare.com,904 N Scenic Dr,Oakland,Iowa,515604070,POINT(-95.385769 41.31609)
S0224,Poweshiek,Windsor Manor Grinnell,Yes,70,Debby,Cooper,(641) 236-8700,(641) 236-9514,debby.cooper@windsor-manor.com,229 PEARL STREET,GRINNELL,Iowa,501122593,POINT(-92.730273 41.734386)
S0071,Poweshiek,Mayflower Home,No,17,Edward ,Poush,(641) 236-6151,(641) 236-6154,epoush@mayflowerhomes.com,927 1st Ave,Grinnell,Iowa,501122480,POINT(-92.722423 41.738895)
S0100,Ringgold,Clearview Estates AL,No,24,Shawn ,Cameron,(641) 464-0651,(641) 464-0655,cestates@iowatelecom.net,500 W Columbus,Mt Ayr,Iowa,508541100,POINT(-94.242581 40.718002)
S0136,Ringgold,Maple Ridge AL,No,24,Kelsey,Allen,(641) 464-3204,(641) 464-3723,rmhinc@iowatelecom.net,1500 East South Street,Mt Ayr,Iowa,508542262,POINT(-94.729267 40.996487)
S0250,Sac,Odebolt Assisted Living,No,12,Nancy,Snyder,(712) 668-2224,(712) 668-2624,nsnyder@careinitiatives.org; rmccoy@careinitiatives.org,799 South Des Moines,Odebolt,Iowa,514581032,POINT(-95.245268 42.304755)
S0281,Sac,Park Place Independent & Assisted Living,No,20,Melissa,Thomsen,(712) 662-6260,(712) 662-3393,mthomsen@abcmcorp.com,551 Park Avenue,Sac City,Iowa,50583,POINT(-94.975314 42.420485)
S0236,Scott,Fountains Assisted Living,Yes,136,Clayton,Ward,(563) 332-5775,(563) 332-5296,clayton.ward@fountainsseniorliving.com,3752 Thunder Ridge Road,Bettendorf,Iowa,527221210,POINT(-90.479844 41.579393)
S0054,Scott,Bickford Cottage Davenport,Yes,51,Laura,Entsminger,(563) 322-0000,(563) 441-0758,laura.entsminger@enrichinghappiness.com,4040 E 55th St,Davenport,Iowa,528072905,POINT(-90.515194 41.577744)
S0017,Scott,Country Manor Memory Care,Yes,36,Nichole,Will,(563) 391-1111,(563) 391-6267,nwill@countrymanormc.com,900 W 46th St,Davenport,Iowa,528060000,POINT(-90.586824 41.567544)
S0033,Scott,Davenport Lutheran AL,No,34,Susan ,Payne,(563) 386-6933,(563) 386-1056,s.payne@lhaa-e.org,1128 W 53rd St,Davenport,Iowa,528062435,POINT(-90.58865 41.574526)
S0079,Scott,Jersey Ridge Place,Yes,62,Niki,Gillies,(563) 355-2027,(563) 441-9227,director@revealed.net,5605 Jersey Ridge Rd,Davenport,Iowa,528073132,POINT(-90.541651 41.577703)
S0139,Scott,Oakwood Place AL,Yes,120,Mary Kathleen,Harris,(563) 391-3430,(563) 823-3672,kharris@ridgecrestvillage.org,4126 Northwest Blvd.,Davenport,Iowa,528064264,POINT(-90.580675 41.562775)
S0214,Scott,Petersen Commons,No,102,Kathleen,Patrick,(563) 323-3888,(563) 324-1373,executivedirector@petersencommons.com,"1607 West 12th Str., Office #2205",Davenport,Iowa,528044086,POINT(-90.598819 41.531653)
S0295,Scott,Senior Star at Elmore Place Assisted Living,No,270,Amanda,Buchholz,(563) 359-0100,(563) 359-0444,abuchholz@seniorstar.com,4500 Elmore Avenue,Davenport,Iowa,528072597,POINT(-90.52465 41.566457)
S0292,Scott,Senior Star at Elmore Place NoD,Yes,50,Amanda,Buchholz,(563) 359-0100,(563) 359-3331,abuchholz@seniorstar.com,4504 Elmore Avenue,Davenport,Iowa,52807,POINT(-90.524646 41.566488)
S0066,Scott,Silvercrest Garner Farms,Yes,138,Leah,Luna,(563) 386-9196,(563) 445-7397,leah.luna@garnerfarms.com,1575 W 53rd,Davenport,Iowa,528062448,POINT(-90.596649 41.57443)
S0260,Scott,Grand Haven,Yes,176,Daniel,Collins,(563) 285-4900,(563) 285-4911,manager@grandhavenretirement.com,201 East Franklin Street,Eldridge,Iowa,527481311,POINT(-90.580764 41.657571)
S0263,Scott,Courtyard Estates of Walcott,No,60,Laura ,Spengler,(563) 284-4211,(563) 284-4249,"lspengler@petersenhealthcare.net
",510 North Main Street,Walcott,Iowa,527737827,POINT(-90.774596 41.590353)
S0059,Shelby,Elm Crest Retirement Comm,No,64,Kathy,Goede,(712) 755-5174,(712) 755-5654,kgoede@abhomes.org; tnauslar@abhomes.org,2108 12th Street,Harlan,Iowa,515372023,POINT(-95.325453 41.649351)
S0097,Sioux,Mica Hill Estates,No,28,Melodee ,Wilkens,(712) 551-1074,(712) 551-2393,mwilkens@ensigngroup.net,2121 Ave L,Hawarden,Iowa,510231361,POINT(-96.480132 43.009561)
S0102,Sioux,Oakhill Assisted Living Home,No,12,Jan,Cain,(712) 551-4284,(712) 551-4283,jcain@gohitec.com,1126 Oak Hill Drive,Hawarden,Iowa,510231368,POINT(-96.47826 43.012035)
S0320,Sioux,Aspen Heights Assisted Living,No,48,Michael,Grevengoed,(712) 439-6715,(712) 439-6717,aheights@premieronline.net,1410 Aspen Street,Hull,Iowa,51239,
S0037,Sioux,Landsmeer Ridge Retirement Comm,No,44,Rob ,Gotto,(712) 737-8947,(712) 737-8934,gottor@ochealthsystem.org,"1007 7th Street, NE",Orange City,Iowa,510411190,POINT(-96.043067 43.012091)
S0125,Sioux,Crown Pointe,No,44,Laurel,Clarey,(712) 722-8260,(712) 722-8269,laurel.clarey@siouxcenterhealth.org,1400 7th Ave. SE,Sioux Center,Iowa,512501199,POINT(-96.16575 43.060947)
S0076,Sioux,Franken Manor,No,60,Joe,Heitritter,(712) 722-8174,(712) 722-0787,joe.heitritter@siouxcenterhealth.org,527 North Main Ave,Sioux Center,Iowa,512500000,POINT(-96.175633 43.08234)
S0115,Sioux,Kosgrove Estates,No,20,Margriet ,Olson,(712) 722-4972,(712) 722-3294,kosgroveNo@gmail.com,4155 US 75,Sioux Ctr,Iowa,512507522,POINT(-96.175226 43.047249)
S0024,Story,Bickford Cottage Ames,No,63,Ashley,Terrell,(515) 233-6000,(515) 268-9817,Ashley.terrell@enrichinghappiness.com,2418 Kent Ave,Ames,Iowa,500107119,POINT(-93.639772 42.046088)
S0327,Story,Lindens,No,32,Kat,Kilbane,(515) 296-5000,(515) 296-5008,katk@greenhillsrc.com,2355 Hamilton Circle,Ames,Iowa,50014,POINT(-93.646045 42.001459)
S0353,Story,Northridge Village,No,68,Greg,Hanson,(515) 232-1000,(855) 745-4846,executivedirector@northridgevillage.com,3300 George Washington Carver Avenue,Ames,Iowa,50010,POINT(-93.649356 42.046867)
S0209,Story,Rose of Ames,No,112,Jami,Kaufman,(515) 268-8828,(515) 292-9696,roseofamesadmin@rosecommunities-alf.com; Rosepersonnel@rosecommunities-alf.com; roseoperations@rosecommunities-alf.com,1315 Coconino Road,Ames,Iowa,500148035,POINT(-93.676328 42.011126)
S0041,Story,Waterford at Ames Assisted Living,No,122,Vonnie,Potter,(515) 292-2858,(515) 296-2134,vpotter@capitalseniorliving.net,"1325 Coconino Rd, Ste 300",Ames,Iowa,500147842,POINT(-93.676313 42.010479)
S0007,Story,Ballard Creek Community,No,84,Daniel,Thomas,(515) 597-2555,(515) 597-3877,balcreek@huxcomm.net,908 N Hwy 69,Huxley,Iowa,501249764,POINT(-93.608286 41.902069)
S0324,Story,Indian Creek Independent & Assisted Living Apts.,No,36,Heidi,Baker,(515) 382-6556,(515) 382-1425,hbaker@abcmcorp.com,100 6th Street,Nevada,Iowa,50201,POINT(-93.452372 42.011717)
S0319,Story,Windsor Manor Nevada,Yes,70,Alison,Kapustka,(515) 382-2980,,"alison.kapustka@windsor-manor.com
",1642 South G Avenue,Nevada,Iowa,50201,POINT(-93.439107 42.005596)
S0207,Story,Cedar Place Assisted Living,No,44,Kristi,Eley,(515) 733-9092,(515) 733-2243,kristi@bethanylife.org,812 Cedar Street,Story City,Iowa,502481472,POINT(-93.591798 42.183129)
S0162,Story,Timberland Village,No,41,Cindi,Martin,(515) 733-6500,(515) 733-9376,cindi@bethanylife.org,725 Timberland Drive,Story City,Iowa,502488772,POINT(-93.574906 42.188303)
S0297,Tama,Sunrise Assisted Living Suites,No,30,Linda,Bevins,(319) 478-2730,(319) 478-2728,linda.sunrisehill@mediacombb.net,599 Taylor Street,Traer,Iowa,50675,POINT(-92.459576 42.18796)
S0179,Taylor,Vintage Park Apartments,No,70,Doug,Junker,(641) 333-2233,(641) 333-2237,manager@vintageparkapts.com,810 East Van Buren,Lenox,Iowa,508511622,POINT(-94.548956 40.885181)
S0270,Union,Homestead of Creston Operations LLC,Yes,64,Gloria,Rink,(641) 782-3131,(641) 782-3176,grink@homesteadofcreston.com,1709 West Prairie,Creston,Iowa,508011321,POINT(-94.382366 41.067505)
S0174,Van Buren,Village Terrace AL,No,20,Julie,Ludwig,(319) 293-3171,(319) 293-6417,Julie.ludwig@vbch.org,302 Franklin,Keosauqua,Iowa,525651165,POINT(-91.959044 40.735863)
S0310,Wapello,Good Samaritan Society - Timber Ridge,No,48,Pamela,Wilson,(641) 684-3553,(641) 684-3557,pwilson3@good-sam.com,#2 Oak Ridge Road,Ottumwa,Iowa,52501,
S0022,Wapello,Pennsylvania Place AL,Yes,134,Randy,Sparks,(641) 684-4000,(641) 684-4079,rsparks@pennplace.com; arainbolt@pennplace.com; joanie@pennplace.com,2 Pennsylvania Place,Ottumwa,Iowa,525012188,POINT(-92.384843 41.027519)
S0259,Wapello,Prairie Hills at Ottumwa,Yes,100,Doug,Techel,(641) 684-1871,(641) 684-5827,administrator@prairiehillsottumwa.com,173 East Rochester Street,Ottumwa,Iowa,525011125,POINT(-92.405879 41.05999)
S0309,Warren,Carlisle Center for AL,No,44,Kathy,Beal,(515) 989-0871,(515) 989-7023,Carlisle_Assisted_Living@pacificahealth.com,685 Cole Street,Carlisle,Iowa,50047,POINT(-93.49361 41.495603)
S0314,Warren,Vintage Hills Retirement Community,Yes,130,Lyn,Hilgenberg,(515) 961-1924,(515) 961-1956,lhilgenberg@watermarkcommunities.com,604 E. Hillcrest Avenue,Indianola,Iowa,501251759,POINT(-93.553527 41.380114)
S0212,Warren,Wesley the Village,No,28,Jim,Clindaniel,(515) 961-7458,(515) 961-0898,jclindaniel@wesleylife.org,1203 North E Street,Indianola,Iowa,501253276,POINT(-93.743829 40.745389)
S0199,Warren,Windsor Manor Indianola,Yes,78,Jenny,Knust,(515) 961-8900,(515) 961-8907,jenny.knust@windsor-manor.com,608 South 15th Street,Indianola,Iowa,501252981,POINT(-93.539752 41.35373)
S0232,Warren,Regency Assisted Living,No,60,Peggy,Petersen,(515) 981-4576,(515) 981-5348,ppetersen@mgmhealthcare.com,815 High Road,Norwalk,Iowa,502111462,POINT(-93.678245 41.48267)
S0005,Washington,Sitler Center for Helpful Living,Yes,52,Chris,Marshall,(319) 653-7264,(319) 653-8383,cmarshall@wesleylife.org,1015 S Iowa Ave,Washington,Iowa,523531126,POINT(-91.691878 41.289012)
S0168,Washington,Reflections Assisted Living,Yes,18,Ryan,Larmore,(319) 646-5812,(319) 646-2443,rlarmore@mgmhealthcare.com,512 13th Street,Wellman,Iowa,523569327,POINT(-91.834473 41.474581)
S0160,Washington,Silver Pond Assisted Living,No,20,Ryan,Larmore,(319) 646-5802,(319) 646-5809,rlarmore@mgmhealthcare.com,516 13th St,Wellman,Iowa,523569232,POINT(-91.834168 41.474569)
S0190,Wayne,Murphy Place Assisted Living,No,20,Gina,Rose,(641) 872-3993,(641) 872-3116,ginamcgrann@gmail.com,620 East Monroe,Corydon,Iowa,500601620,POINT(-93.310695 40.754948)
S0198,Webster,River Ridge & Gardens at Friendship Haven,Yes,165,Brett,Asay,(515) 573-2121,(515) 573-6077,brett.asay@friendshiphaven.org,420 Kenyon Road,Fort Dodge,Iowa,505015749,POINT(-94.207517 42.484352)
S0008,Webster,Bickford Cottage Fort Dodge,Yes,49,Sarah,Ratcliff,(515) 573-3300,(515) 576-1593,sarah.ratcliff@enrichinghappiness.com,1536 20th Ave N,Ft Dodge,Iowa,505017134,POINT(-94.176376 42.526453)
S0051,Webster,QHC Villa Cottages,Yes,20,MEGAN,KAHLER,(515) 576-7525,(515) 955-7528,mkahler@qhcmcares.com,925 Martin Luther King Dr,Ft Dodge,Iowa,50501,POINT(-94.160825 42.513806)
S0131,Winnebago,Forest Plaza AL,No,80,Rick,Burke,(641) 585-1555,(641) 585-2522,rick@forestplaza.biz,635 Hwy. 9 East,Forest City,Iowa,504361028,POINT(-93.629477 43.270325)
S0262,Winnebago,Mills Harbour Independent/Assisted Living,No,70,Amanda,Creen,(641) 592-4900,(641) 592-3052,kcavett@abcmcorp.com; acreen@abcmcorp.com,311 South 10th Avenue E,Lake Mills,Iowa,504501870,POINT(-93.529312 43.410198)
S0133,Winneshiek,Aase Haugen AL,No,35,Jeffrey,Schmidt,(563) 382-3603,(563) 382-3606,Administrator@aasehaugen.com; Carolyn.sexton@aasehaugen.com,8 Ohio Street,Decorah,Iowa,521011563,POINT(-91.802835 43.303699)
S0081,Winneshiek,Arlin Falck AL,No,64,Laurie,Kreul,(563) 387-3777,(563) 382-8788,barthelloeshome@yahoo.com,911 Ridgewood Dr,Decorah,Iowa,521012354,POINT(-91.776417 43.293585)
S0206,Winneshiek,Oneota Village,No,32,Lou Ann,Wikan,(563) 382-1869,(563) 382-1866,lwikan@abcmcorp.com,5 Ohio Street,Decorah,Iowa,521011563,POINT(-91.802838 43.303134)
S0252 ,Winneshiek,Wellington Place,No,68,Scott,Marnin,(563) 382-2292,(563) 382-9694,smarnin@wellingtonplacedecorah.com,2475 River Road,Decorah,Iowa,521017591,POINT(-91.735134 43.298159)
S0140,Woodbury,Valley Lodge AL,No,18,Tanner,Mackey,(712) 372-4466,(712) 372-4048,tmackey@careinitiatives.org; rmccoy@careinitiatives.org,1118 East Hwy. 20,Correctionville,Iowa,510168056,POINT(-95.776972 42.482121)
S0074,Woodbury,Char Mac AL of Lawton,No,50,Jeanine ,Chartier,(712) 944-4893,(712) 944-4853,charmacj@wiatel.net,200 E Char-Mac Dr,Lawton,Iowa,510308171,POINT(-96.182681 42.474983)
S0343,Woodbury,Floyd Place,No,47,Chelsea,Tebo,(712) 943-7025,(712) 943-7172,alclicense@enlivant.com,403 C Street,Sergeant Bluff,Iowa,51054,POINT(-96.36251 42.404115)
S0006,Woodbury,Bickford Cottage I Sioux City,No,44,Jill,Colling,(712) 239-2065,(712) 239-3417,jill.colling@enrichinghappiness.com,4020 Indian Hills Dr,Sioux City,Iowa,511081418,POINT(-96.373648 42.538977)
S0063,Woodbury,Bickford Cottage II Sioux City,Yes,41,Jill,Colling,(712) 239-6851,(712) 239-0848,jill.colling@enrichinghappiness.com,4022 Indian Hills Dr,Sioux City,Iowa,511081418,POINT(-96.374313 42.539407)
S0172,Woodbury,Fountain View Assisted Living,Yes,92,Hallie,Salmen,(712) 276-3821,(712) 202-0410,salmenh@sunriseretirement.com; chriss@sunriseretirement.com,5501 Gordon Drive East,Sioux City,Iowa,511062008,POINT(-96.332579 42.475702)
S0058,Woodbury,Heritage at Northern Hills,Yes,128,Christy,Nikkel,(712) 239-9402,(712) 239-9406,cnikkel@heritage-communities.com,4002 Teton Trace,Sioux City,Iowa,511044387,POINT(-96.387554 42.538479)
S0038,Woodbury,Holy Spirit,Yes,45,Patrick ,Tomscha,(712) 252-2726,(712) 293-1953,patt@holyspiritretirementhome.com,1701 W 25th St,Sioux City,Iowa,511031705,POINT(-96.430456 42.515761)
S0245,Woodbury,Prime Assisted Living,No,120,Jean,Parrish,(712) 226-6300,(712) 226-6361,primelivingjp@frontiernet.net,725 Pearl Street,Sioux City,Iowa,511011014,POINT(-96.407918 42.497966)
S0307,Woodbury,Whispering Creek,Yes,110,Nicole,Ellermeier,(712) 276-1879,(712) 276-2116,nicolee@whisperingcreekseniorliving.com,2607 Nicklaus Blvd.,Sioux City,Iowa,51106,POINT(-96.315349 42.463287)
S0234,Worth,Circle Terrace Lodge,No,8,Kimber,Kleven,(641) 454-2223,(641) 454-2124,kkleven@careinitiatives.org; rmccoy@careinitiatives.org,155 Circle Terrace,Manly,Iowa,504565073,POINT(-93.197222 43.282715)
S0271,Worth,Northwood Pines,No,32,Susan,Nelson,(641) 324-0061,(641) 324-0062,susan.nelson@northwoodLRH.org,"700 10th Street, North",Northwood,Iowa,504591004,POINT(-93.218429 43.451761)
S0291,Wright,Belle Haven Independent and Assisted Living,No,32,Carla,Mahler,(641) 444-3915,(641) 444-7122,cmahler@abcmcorp.com,815 Luicks Lane North,Belmond,Iowa,504217664,POINT(-93.602408 42.851882)
S0225,Wright,Meadows Assisted Living,No,42,Carla,Kem,(515) 532-2035,(515) 532-9304,carla.kem@iaspecialty.com,1302 South Main Street,Clarion,Iowa,505252091,POINT(-93.732633 42.721797)
