source_class,ahca_file_number,license_number,license_status_raw,official_name,city,county,facility_type
FL_ADULT_DAY_CARE,12962690,9530,LICENSED,"3 GARDENIAS ADULT DAY CENTER, LLC",TAMPA,Hillsborough,Adult Day Care Center
FL_ADULT_DAY_CARE,12963028,9680,LICENSED,365 JOY ADULT DAY CARE,MIAMI,Miami-Dade,Adult Day Care Center
FL_ADULT_DAY_CARE,12962339,9232,IN REVIEW,A & D LOVE AND CARE INC,HIALEAH,Miami-Dade,Adult Day Care Center
FL_ADULT_DAY_CARE,12962633,9472,IN REVIEW,A & L ADULT DAY CARE CORP,HIALEAH,Miami-Dade,Adult Day Care Center
FL_ADULT_DAY_CARE,12962520,9381,LICENSED,"A BETTER LIFE ADULT DAY CARE, INC",TAMPA,Hillsborough,Adult Day Care Center
FL_ADULT_DAY_CARE,12962493,9359,LICENSED,A MI MANERA ADULT DAY CARE,MIAMI,Miami-Dade,Adult Day Care Center
FL_ADULT_DAY_CARE,12962685,9520,LICENSED,A MI MANERA ADULT DAYCARE HIALEAH INC,HIALEAH,Miami-Dade,Adult Day Care Center
FL_ADULT_DAY_CARE,12962945,9655,LICENSED,A NEW HORIZON ADULT DAYCARE LLC,HALLANDALE,Broward,Adult Day Care Center
FL_ADULT_DAY_CARE,12962555,9407,LICENSED,A PLACE CALLED SWEET HOME INC,KISSIMMEE,Osceola,Adult Day Care Center
FL_ADULT_DAY_CARE,12962367,9258,LICENSED,A PLACE FOR YOU ADULT DAY CARE AND REHAB CENTER CORP,PALM SPRINGS,Palm Beach,Adult Day Care Center
FL_ADULT_DAY_CARE,12962947,9650,LICENSED,A1 SENIOR CLUB INC,MIAMI,Miami-Dade,Adult Day Care Center
FL_ADULT_DAY_CARE,12962551,9405,IN REVIEW,ABBYS ADULT DAY CARE INC,MIAMI,Miami-Dade,Adult Day Care Center
FL_ADULT_DAY_CARE,12962542,9398,LICENSED,ABC ADULT DAY CARE LLC,CUTLER BAY,Miami-Dade,Adult Day Care Center
FL_ADULT_DAY_CARE,12962701,9534,IN REVIEW,"ABC MIAMI ADULT DAY CARE, LLC",MIAMI,Miami-Dade,Adult Day Care Center
FL_ADULT_DAY_CARE,12962294,9207,LICENSED,ABC-ALSY ADULT DAY CARE CENTERS LLC,HOMESTEAD,Miami-Dade,Adult Day Care Center
FL_ADULT_DAY_CARE,12962272,9184,LICENSED,ABIS 'ADULT DAY CARE INC,MIAMI,Miami-Dade,Adult Day Care Center
FL_ADULT_DAY_CARE,12962226,9157,LICENSED,ABUELO'S DAY CARE CORP,MIAMI,Miami-Dade,Adult Day Care Center
FL_ADULT_DAY_CARE,12962585,9433,LICENSED,ABUELOS ADULT CARE # 2 INC,TAMPA,Hillsborough,Adult Day Care Center
FL_ADULT_DAY_CARE,12962839,9632,LICENSED,ABUELOS ADULT CARE LLC,CORAL GABLES,Miami-Dade,Adult Day Care Center
FL_ADULT_DAY_CARE,12962363,9259,LICENSED,ABUELOS ADULT DAY CARE,TAMPA,Hillsborough,Adult Day Care Center
FL_ADULT_DAY_CARE,12962593,9446,LICENSED,ACCESS SENIOR DAY CARE LLC,KISSIMMEE,Osceola,Adult Day Care Center
FL_ADULT_DAY_CARE,12962858,9615,LICENSED,"ACEVEDO WELLNESS CENTER, LLC.",CORAL GABLES,Miami-Dade,Adult Day Care Center
FL_ADULT_DAY_CARE,12962548,9400,LICENSED,ACTIVAGE AT CHELSEA PLACE,PT CHARLOTTE,Charlotte,Adult Day Care Center
FL_ADULT_DAY_CARE,12962822,9607,LICENSED,ACTIVAGE SARASOTA,SARASOTA,Sarasota,Adult Day Care Center
FL_ADULT_DAY_CARE,12962491,9638,LICENSED,ACTS ADULT CARE CENTER LLC,MIAMI,Miami-Dade,Adult Day Care Center
FL_ADULT_DAY_CARE,12962378,9264,LICENSED,"ADULT ACTIVITY CENTER OF THE TREASURE COAST, INC",PORT ST LUCIE,St. Lucie,Adult Day Care Center
FL_ADULT_DAY_CARE,12962279,9203,LICENSED,ADULT DAY CARE CENTERS CORP,MIAMI,Miami-Dade,Adult Day Care Center
FL_ADULT_DAY_CARE,12962578,9425,IN REVIEW,ADULT DAY CARE CENTERS II CORP,MIAMI,Miami-Dade,Adult Day Care Center
FL_ADULT_DAY_CARE,12962572,9420,IN REVIEW,ADULT DAY CARE INC,HOMESTEAD,Miami-Dade,Adult Day Care Center
FL_ADULT_DAY_CARE,12962744,9562,LICENSED,"ADULT DAY CARE OF SUNRISE, LLC",SUNRISE,Broward,Adult Day Care Center
FL_ADULT_DAY_CARE,12962313,9218,LICENSED,ADULT DAY CENTER OF SOUTH FLORIDA INC,PALMETTO BAY,Miami-Dade,Adult Day Care Center
FL_ADULT_DAY_CARE,12962387,9279,LICENSED,ADULT HOPE DAY CARE INC,MIAMI,Miami-Dade,Adult Day Care Center
FL_ADULT_DAY_CARE,12962649,9489,LICENSED,ADULT LIFE CARE CENTER INC,MIAMI,Miami-Dade,Adult Day Care Center
FL_ADULT_DAY_CARE,12962645,9510,LICENSED,ADURIS ADULT DAY CARE LLC,HIALEAH,Miami-Dade,Adult Day Care Center
FL_ADULT_DAY_CARE,12962716,9559,LICENSED,ADVANCED MEDICAL HEALTH LLC,MIAMI,Miami-Dade,Adult Day Care Center
FL_ADULT_DAY_CARE,12962650,9479,IN REVIEW,ADVENTURE ADULT DAY CARE LLC,MIAMI,Miami-Dade,Adult Day Care Center
FL_ADULT_DAY_CARE,12941666,8232,LICENSED,AGING TRUE,GREEN CV SPGS,Clay,Adult Day Care Center
FL_ADULT_DAY_CARE,12962227,9149,LICENSED,AL'Z PLACE,GAINESVILLE,Alachua,Adult Day Care Center
FL_ADULT_DAY_CARE,12962674,9517,LICENSED,ALBA COURT ADULT DAY CARE CENTER,NEW SMYRNA,Volusia,Adult Day Care Center
FL_ADULT_DAY_CARE,12962292,9202,IN REVIEW,"ALEGRIA ADULT DAY CARE CENTER, INC.",HIALEAH,Miami-Dade,Adult Day Care Center
FL_ADULT_DAY_CARE,12962222,9150,LICENSED,ALEGRIA ADULT DAYCARE INC,HIALEAH,Miami-Dade,Adult Day Care Center
FL_ADULT_DAY_CARE,12962726,9549,LICENSED,ALGARROBO ADULT DAY CARE LLC,HOMESTEAD,Miami-Dade,Adult Day Care Center
FL_ADULT_DAY_CARE,12962814,9596,IN REVIEW,"ALL DAY ADULT DAY CARE CENTER, LLC",SWEETWATER,Miami-Dade,Adult Day Care Center
FL_ADULT_DAY_CARE,12962908,9648,LICENSED,ALMA ADULT DAY CARE CENTERS INC,MIAMI,Miami-Dade,Adult Day Care Center
FL_ADULT_DAY_CARE,12962179,9109,LICENSED,ALMOST HOME DAYBREAK,JACKSONVILLE,Duval,Adult Day Care Center
FL_ADULT_DAY_CARE,12962721,9545,IN REVIEW,ALPHA SENIOR DAY CARE LLC,HIALEAH,Miami-Dade,Adult Day Care Center
FL_ADULT_DAY_CARE,12962383,9270,IN REVIEW,ALWAYS AT YOUR SIDE ADULT DAY CARE INC,MIAMI LAKES,Miami-Dade,Adult Day Care Center
FL_ADULT_DAY_CARE,12961934,8928,LICENSED,ALZHEIMER'S COMMUNITY CARE INC,STUART,Martin,Adult Day Care Center
FL_ADULT_DAY_CARE,12962094,9046,LICENSED,ALZHEIMER'S COMMUNITY CARE INC,FORT PIERCE,St. Lucie,Adult Day Care Center
FL_ADULT_DAY_CARE,12962450,9322,LICENSED,ALZHEIMER'S COMMUNITY CARE INC,WELLINGTON,Palm Beach,Adult Day Care Center
FL_ADULT_DAY_CARE,12962080,9032,LICENSED,"ALZHEIMER'S COMMUNITY CARE, INC",PAHOKEE,Palm Beach,Adult Day Care Center
FL_ADULT_DAY_CARE,12962550,9404,LICENSED,"ALZHEIMER'S COMMUNITY CARE, INC",WEST PALM BCH,Palm Beach,Adult Day Care Center
FL_ADULT_DAY_CARE,12962672,9501,LICENSED,"ALZHEIMER'S COMMUNITY CARE, INC",PORT ST LUCIE,St. Lucie,Adult Day Care Center
FL_ADULT_DAY_CARE,12962485,9352,IN REVIEW,ALZHEIMERS COMMUNITY CARE INC,PORT SAINT LUCIE,St. Lucie,Adult Day Care Center
FL_ADULT_DAY_CARE,12962362,9252,LICENSED,"ALZHEIMERS COMMUNITY CARE, INC",BOCA RATON,Palm Beach,Adult Day Care Center
FL_ADULT_DAY_CARE,12962364,9256,LICENSED,"ALZHEIMERS COMMUNITY CARE, INC",PALM SPRINGS,Palm Beach,Adult Day Care Center
FL_ADULT_DAY_CARE,12962356,9244,IN REVIEW,"AMANECER ADULT DAY CARE CENTER, INC",MIAMI,Miami-Dade,Adult Day Care Center
FL_ADULT_DAY_CARE,12962930,9635,LICENSED,AMIGOS ADULT DAYCARE INC,MIAMI,Miami-Dade,Adult Day Care Center
FL_ADULT_DAY_CARE,12962735,9555,LICENSED,"AMIGOS SOCIAL CLUB, LLC",HIALEAH,Miami-Dade,Adult Day Care Center
FL_ADULT_DAY_CARE,12962962,9652,LICENSED,AMOR BONITO ADULT DAY CARE LLC,HIALEAH,Miami-Dade,Adult Day Care Center
FL_ADULT_DAY_CARE,12962670,9502,LICENSED,"AMOR Y VIDA ADULT DAY CARE, LLC",HIALEAH,Miami-Dade,Adult Day Care Center
FL_ADULT_DAY_CARE,12962775,9580,LICENSED,"ANGELES ADULT DAY CARE, LLC",TAMPA,Hillsborough,Adult Day Care Center
FL_ADULT_DAY_CARE,12962571,9419,IN REVIEW,ANGELS ADULT DAY CARE II,HIALEAH,Miami-Dade,Adult Day Care Center
FL_ADULT_DAY_CARE,12963090,9690,LICENSED,"ANGELS ON EARTH ADULT DAY CARE CENTER, LLC",TALLAHASSEE,Leon,Adult Day Care Center
FL_ADULT_DAY_CARE,12962246,9168,LICENSED,AÑOS DORADOS ADULT DAY CARE,MIAMI,Miami-Dade,Adult Day Care Center
FL_ADULT_DAY_CARE,12962471,9341,IN REVIEW,ANOS DORADOS ADULT DAY CARE ACTIVITY AND RECREATION CENTER INC,HIALEAH,Miami-Dade,Adult Day Care Center
FL_ADULT_DAY_CARE,12962715,9541,IN REVIEW,ARP ADULT DAY CARE CORP,HOMESTEAD,Miami-Dade,Adult Day Care Center
FL_ADULT_DAY_CARE,12962098,9050,IN REVIEW,"AXIS BEHAVIORAL HEALTH, INC D/B/A CENTRO AXIS",MIAMI,Miami-Dade,Adult Day Care Center
FL_ADULT_DAY_CARE,12962328,9628,LICENSED,"AZUCAR ADULT DAY CARE, LLC",MIAMI,Miami-Dade,Adult Day Care Center
FL_ADULT_DAY_CARE,12963049,9692,LICENSED,AZUCAR SENIOR CENTER,HOMESTEAD,Miami-Dade,Adult Day Care Center
FL_ADULT_DAY_CARE,12963086,9698,LICENSED,BEACON OF LIFE FLORIDA LLC D/B/A BOLDAGE PACE,HOLLY HILL,Volusia,Adult Day Care Center
FL_ADULT_DAY_CARE,12962770,9577,LICENSED,"BEAUTIFUL MINDS SOCIAL CENTER, LLC",LAKELAND,Polk,Adult Day Care Center
FL_ADULT_DAY_CARE,12963032,9689,LICENSED,"BEST ADULT DAY CARE, INC",HIALEAH,Miami-Dade,Adult Day Care Center
FL_ADULT_DAY_CARE,12962669,9499,LICENSED,BIG SMILES CARE SERVICES LLC,PEMBROKE PINES,Broward,Adult Day Care Center
FL_ADULT_DAY_CARE,12962824,9599,IN REVIEW,"BINGO SENIOR ACTIVITY CENTER, CORP",MIAMI,Miami-Dade,Adult Day Care Center
FL_ADULT_DAY_CARE,12961958,8971,LICENSED,BLESSED TRINITY CATHOLIC CHURCH OCALA INC,OCALA,Marion,Adult Day Care Center
FL_ADULT_DAY_CARE,12962407,9288,LICENSED,BLOOMINGDALE ADULT DAY CARE CENTER,BRANDON,Hillsborough,Adult Day Care Center
FL_ADULT_DAY_CARE,12962511,9372,LICENSED,BLUE STAR ADULT DAY CARE CENTER INC,FLORIDA CITY,Miami-Dade,Adult Day Care Center
FL_ADULT_DAY_CARE,12962885,9617,LICENSED,BLUEHEART ADULT DAY CARE CENTER,BOYNTON BEACH,Palm Beach,Adult Day Care Center
FL_ADULT_DAY_CARE,12961846,8856,IN REVIEW,BREVARD ALZHEIMER'S FOUNDATION INC,MELBOURNE,Brevard,Adult Day Care Center
FL_ADULT_DAY_CARE,12962012,8987,LICENSED,BREVARD ALZHEIMER'S FOUNDATION INC,MICCO,Brevard,Adult Day Care Center
FL_ADULT_DAY_CARE,12962105,9054,IN REVIEW,BREVARD ALZHEIMER'S FOUNDATION INC,TITUSVILLE,Brevard,Adult Day Care Center
FL_ADULT_DAY_CARE,12962428,9310,LICENSED,BROWARD ADULT DAY CARE CENTER CORP,FORT LAUDERDALE,Broward,Adult Day Care Center
FL_ADULT_DAY_CARE,12962800,9604,LICENSED,BROWARD PACE PROGRAM,FORT LAUDERDALE,Broward,Adult Day Care Center
FL_ADULT_DAY_CARE,12962732,9554,LICENSED,BUENA VIDA ADULT DAY CARE INC,HIALEAH,Miami-Dade,Adult Day Care Center
FL_ADULT_DAY_CARE,12962825,9610,IN REVIEW,"BUENA VIDA WELLNESS CENTER II, CORP",GREENACRES,Palm Beach,Adult Day Care Center
FL_ADULT_DAY_CARE,12962648,9487,LICENSED,"BUENA VIDA WELLNESS CENTER, CORP",MIAMI,Miami-Dade,Adult Day Care Center
FL_ADULT_DAY_CARE,12961948,8939,LICENSED,CADC CORP.,MIAMI,Miami-Dade,Adult Day Care Center
FL_ADULT_DAY_CARE,12962384,9271,IN REVIEW,"CAMPO DE ESTRELLAS ADULT DAY CARE, INC.",HIALEAH GDNS,Miami-Dade,Adult Day Care Center
FL_ADULT_DAY_CARE,12962575,9426,LICENSED,CANITAS ADULT DAY CARE CENTER INC,HIALEAH,Miami-Dade,Adult Day Care Center
FL_ADULT_DAY_CARE,12962981,9661,LICENSED,CANITAS DE ORO ADULT DAYCARE CORP,MIAMI,Miami-Dade,Adult Day Care Center
FL_ADULT_DAY_CARE,12962798,9589,LICENSED,CANITAS II ADULT DAY CARE INC,HIALEAH,Miami-Dade,Adult Day Care Center
FL_ADULT_DAY_CARE,12962727,9569,LICENSED,CANOPY WAY ADULT DAY CARE,FERN BCH,Nassau,Adult Day Care Center
FL_ADULT_DAY_CARE,12962250,9169,LICENSED,CARE ANGELS ADULT CENTER INC,MIAMI,Miami-Dade,Adult Day Care Center
FL_ADULT_DAY_CARE,12962704,9538,IN REVIEW,CARICIAS ADULT DAYCARE CORP,HIALEAH,Miami-Dade,Adult Day Care Center
FL_ADULT_DAY_CARE,12962965,9677,LICENSED,CARING FOR THE ELDERLY & DISABLED ADULT DAY CARE INC,PEMBROKE PINES,Broward,Adult Day Care Center
FL_ADULT_DAY_CARE,12962286,9192,IN REVIEW,CARITAS ALEGRES ADULT DAY CARE INC,MIAMI,Miami-Dade,Adult Day Care Center
FL_ADULT_DAY_CARE,12962074,9034,IN REVIEW,CASA DE CAMPO,MIAMI,Miami-Dade,Adult Day Care Center
FL_ADULT_DAY_CARE,12962682,9516,LICENSED,CASA DEL SOL ADULT DAY CARE II LLC,MIAMI,Miami-Dade,Adult Day Care Center
FL_ADULT_DAY_CARE,12962531,9387,IN REVIEW,CASA DEL SOL ADULT DAY CARE LLC,MIAMI,Miami-Dade,Adult Day Care Center
FL_ADULT_DAY_CARE,12962284,9194,IN REVIEW,CELEBRATION ADULT DAY CARE INC,MIAMI,Miami-Dade,Adult Day Care Center
FL_ADULT_DAY_CARE,12962280,9195,LICENSED,"CHANGE OF PACE, INC.",SEBRING,Highlands,Adult Day Care Center
FL_ADULT_DAY_CARE,12963046,9679,LICENSED,CHAPTERS HEALTH PACE,LECANTO,Citrus,Adult Day Care Center
FL_ADULT_DAY_CARE,12962376,9260,LICENSED,CHOICES IN LIVING,CAPE CORAL,Lee,Adult Day Care Center
FL_ADULT_DAY_CARE,12962514,9377,LICENSED,CITY OF MIRAMAR ADULT DAY CARE CENTER,MIRAMAR,Broward,Adult Day Care Center
FL_ADULT_DAY_CARE,12962507,9370,LICENSED,"COCONUT GROVE ADULT DAY CARE CENTER, INC",MIAMI,Miami-Dade,Adult Day Care Center
FL_ADULT_DAY_CARE,12962352,9254,LICENSED,COLUMBIA COUNTY SENIOR SERVICES INC,LAKE CITY,Columbia,Adult Day Care Center
FL_ADULT_DAY_CARE,12962591,9436,LICENSED,COMFORT ADULT DAY CARE INC,HIALEAH GDNS,Miami-Dade,Adult Day Care Center
FL_ADULT_DAY_CARE,12962790,9587,LICENSED,"CONVERGENCE ADULT CARE, INC",HIALEAH,Miami-Dade,Adult Day Care Center
FL_ADULT_DAY_CARE,12962188,9124,IN REVIEW,"COPACABANA ADULT DAY CARE CENTER, CORP",HIALEAH,Miami-Dade,Adult Day Care Center
FL_ADULT_DAY_CARE,12962223,9151,LICENSED,CORAL WEST ADULT DAY CARE INC,MIAMI,Miami-Dade,Adult Day Care Center
FL_ADULT_DAY_CARE,12951728,8644,LICENSED,"COUNCIL ON AGING OF ST. LUCIE, INC",PORT ST LUCIE,St. Lucie,Adult Day Care Center
FL_ADULT_DAY_CARE,12962101,9051,IN REVIEW,"COUNCIL ON AGING OF WEST FLORIDA, INC",PENSACOLA,Escambia,Adult Day Care Center
FL_ADULT_DAY_CARE,12962467,9340,IN REVIEW,CRESCENT ADULT DAY CARE INC,HIALEAH,Miami-Dade,Adult Day Care Center
FL_ADULT_DAY_CARE,12962310,9219,LICENSED,CRYSTAL PARADISE ADULT DAY CARE INC,WEST MIAMI,Miami-Dade,Adult Day Care Center
FL_ADULT_DAY_CARE,12961825,8842,LICENSED,DAVID I. SIEGEL ADULT DAY CARE CENTER,PALM COAST,Flagler,Adult Day Care Center
FL_ADULT_DAY_CARE,12962454,9330,LICENSED,DAYCATIONS ADULT DAY CARE,CLEARWATER,Pinellas,Adult Day Care Center
FL_ADULT_DAY_CARE,12962403,9295,LICENSED,"DBS BABY BOOMERS ADULT DAY, HEALTH & ENRICHMENT CENTER",MIAMI,Miami-Dade,Adult Day Care Center
FL_ADULT_DAY_CARE,12962637,9482,LICENSED,DIVINE LEISURE & ACTIVITY CENTER LLC,HIALEAH,Miami-Dade,Adult Day Care Center
FL_ADULT_DAY_CARE,12962733,9553,LICENSED,"DOS GARDENIAS ADULT DAY CARE, LLC",MIAMI,Miami-Dade,Adult Day Care Center
FL_ADULT_DAY_CARE,12962451,9324,LICENSED,DOUBLE NINE SENIORS CLUB II INC,HIALEAH,Miami-Dade,Adult Day Care Center
FL_ADULT_DAY_CARE,12962302,9210,LICENSED,DOUBLE NINE SENIORS CLUB INC.,HIALEAH,Miami-Dade,Adult Day Care Center
FL_ADULT_DAY_CARE,12963027,9674,LICENSED,DREAMS ADULT DAY CARE 2 LLC,MARGATE,Broward,Adult Day Care Center
FL_ADULT_DAY_CARE,12962699,9528,LICENSED,DREAMS ADULT DAYCARE LLC,MARGATE,Broward,Adult Day Care Center
FL_ADULT_DAY_CARE,12962976,9660,LICENSED,DULCE HOGAR SENIOR CENTERS LLC,MIAMI,Miami-Dade,Adult Day Care Center
FL_ADULT_DAY_CARE,12963025,9671,LICENSED,EAGLE ADULT WELLNESS CENTER LLC,TAMPA,Hillsborough,Adult Day Care Center
FL_ADULT_DAY_CARE,12951725,307,LICENSED,EASTER SEALS FLORIDA INC,WINTER PARK,Orange,Adult Day Care Center
FL_ADULT_DAY_CARE,12961868,8872,LICENSED,"EASTER SEALS FLORIDA, INC.",GAINESVILLE,Alachua,Adult Day Care Center
FL_ADULT_DAY_CARE,12911516,357,IN REVIEW,"EASTER SEALS SOUTH FLORIDA, INC",MIAMI,Miami-Dade,Adult Day Care Center
FL_ADULT_DAY_CARE,12962579,9423,LICENSED,EASTER SEALS THERAPEUTIC DAYCARE-KENDALL,MIAMI,Miami-Dade,Adult Day Care Center
FL_ADULT_DAY_CARE,12962647,9486,LICENSED,EL ALHAMBRA LLC,HIALEAH,Miami-Dade,Adult Day Care Center
FL_ADULT_DAY_CARE,12962734,9552,LICENSED,EL COMEDOR ADULT DAY CARE CORP,HIALEAH,Miami-Dade,Adult Day Care Center
FL_ADULT_DAY_CARE,12962594,9440,LICENSED,EL EDEN ADULT DAYCARE CENTER CORP,MIAMI,Miami-Dade,Adult Day Care Center
FL_ADULT_DAY_CARE,12962499,9361,LICENSED,EL JARDIN ADULT DAY CARE LLC,MIAMI,Miami-Dade,Adult Day Care Center
FL_ADULT_DAY_CARE,12962486,9355,IN REVIEW,EL PASEO SENIOR CARE CENTER CORP,MIAMI,Miami-Dade,Adult Day Care Center
FL_ADULT_DAY_CARE,12962639,9480,LICENSED,EL PRADO SENIOR CLUB CORP,HIALEAH,Miami-Dade,Adult Day Care Center
FL_ADULT_DAY_CARE,12962092,9049,LICENSED,ELDER DAY STAY,TALLAHASSEE,Leon,Adult Day Care Center
FL_ADULT_DAY_CARE,12962435,9317,IN REVIEW,"ELDER'S PLACE ADULT DAY CARE, LLC",MIAMI,Miami-Dade,Adult Day Care Center
FL_ADULT_DAY_CARE,12962889,9629,LICENSED,ELDERCLUB PORT RICHEY INC,PORT RICHEY,Pasco,Adult Day Care Center
FL_ADULT_DAY_CARE,12962878,9623,LICENSED,ELITE SENIOR CENTER INC,DORAL,Miami-Dade,Adult Day Care Center
FL_ADULT_DAY_CARE,12962393,9291,LICENSED,"EMERALD ADULT RECREATIONAL CENTER, INC",MIAMI,Miami-Dade,Adult Day Care Center
FL_ADULT_DAY_CARE,12962723,9546,LICENSED,EMPATH ADULT DAY CENTERS,ST PETERSBURG,Pinellas,Adult Day Care Center
FL_ADULT_DAY_CARE,12962350,9239,LICENSED,EMPATH LIFE,PINELLAS PARK,Pinellas,Adult Day Care Center
FL_ADULT_DAY_CARE,12962787,9586,LICENSED,EMPATH LIFE,BRADENTON,Manatee,Adult Day Care Center
FL_ADULT_DAY_CARE,12962707,9532,LICENSED,"EMPATH LIFE, LLC",TAMPA,Hillsborough,Adult Day Care Center
FL_ADULT_DAY_CARE,12962323,9224,LICENSED,ENDLESS YEARS ADULT CARE CENTER CORP,HIALEAH,Miami-Dade,Adult Day Care Center
FL_ADULT_DAY_CARE,12962401,9284,LICENSED,"ESENCIA DE LA VIDA ADULT DAY CARE, INC.",CORAL GABLES,Miami-Dade,Adult Day Care Center
FL_ADULT_DAY_CARE,12962973,9665,LICENSED,EVELYN'S ADULT SOCIAL DAY CARE,LEESBURG,Lake,Adult Day Care Center
FL_ADULT_DAY_CARE,12962379,9267,LICENSED,EVERGREEN ADULT DAY CARE CENTER,ST PETERSBURG,Pinellas,Adult Day Care Center
FL_ADULT_DAY_CARE,12962541,9396,LICENSED,EVERYDAY SUNSHINE DAYCARE CENTER INC,HIALEAH,Miami-Dade,Adult Day Care Center
FL_ADULT_DAY_CARE,12962664,9494,LICENSED,FAMILIA ADULT DAY CARE INC,MIAMI GARDENS,Miami-Dade,Adult Day Care Center
FL_ADULT_DAY_CARE,12963031,9676,LICENSED,FAMILY HOME ADULT CARE INC,CLEWISTON,Hendry,Adult Day Care Center
FL_ADULT_DAY_CARE,12962801,9590,IN REVIEW,FANTASTIC ADULT DAYCARE LLC,MIAMI,Miami-Dade,Adult Day Care Center
FL_ADULT_DAY_CARE,12962969,9668,LICENSED,FENIX WELLNESS ADULT DAYCARE,PALMETTO BAY,Miami-Dade,Adult Day Care Center
FL_ADULT_DAY_CARE,12962638,9488,LICENSED,FIESTA ADULT CENTER LLC,MIAMI,Miami-Dade,Adult Day Care Center
FL_ADULT_DAY_CARE,12962473,9684,LICENSED,FLORIDA PACE CENTERS INC,MIRAMAR,Broward,Adult Day Care Center
FL_ADULT_DAY_CARE,12911520,369,IN REVIEW,"FLORIDA PACE CENTERS, INC",MIAMI,Miami-Dade,Adult Day Care Center
FL_ADULT_DAY_CARE,12962213,9138,IN REVIEW,"FLORIDA PACE CENTERS, INC",HIALEAH,Miami-Dade,Adult Day Care Center
FL_ADULT_DAY_CARE,12962345,9240,LICENSED,"FLORIDA PACE CENTERS, INC",MIAMI,Miami-Dade,Adult Day Care Center
FL_ADULT_DAY_CARE,12962845,9616,LICENSED,"FLORIDA PACE CENTERS, INC",MIAMI,Miami-Dade,Adult Day Care Center
FL_ADULT_DAY_CARE,12962676,9508,LICENSED,FOREVER YOUNG ADULT CENTER,LEESBURG,Lake,Adult Day Care Center
FL_ADULT_DAY_CARE,12962829,9602,IN REVIEW,FOREVER YOUNG ADULT DAY CARE,MIAMI,Miami-Dade,Adult Day Care Center
FL_ADULT_DAY_CARE,12962899,9659,LICENSED,FOUR MAGNOLIAS LLC,PT CHARLOTTE,Charlotte,Adult Day Care Center
FL_ADULT_DAY_CARE,12962929,9641,LICENSED,GALENOS ADULT DAY CARE INC,HIALEAH GARDENS,Miami-Dade,Adult Day Care Center
FL_ADULT_DAY_CARE,12962675,9506,LICENSED,"GARDEN OF EDEN 2019, CORP",NAPLES,Collier,Adult Day Care Center
FL_ADULT_DAY_CARE,12962917,9634,LICENSED,GENERATIONS CLUB,TAMPA,Hillsborough,Adult Day Care Center
FL_ADULT_DAY_CARE,12962742,9567,LICENSED,GENESIS ADULT DAY CARE INC,MIAMI GARDENS,Miami-Dade,Adult Day Care Center
FL_ADULT_DAY_CARE,12962312,9220,LICENSED,GILD ADULT DAYCARE LLC,CUTLER BAY,Miami-Dade,Adult Day Care Center
FL_ADULT_DAY_CARE,12962995,9663,LICENSED,GLOBAL ADULT DAY CARE INC,MIAMI,Miami-Dade,Adult Day Care Center
FL_ADULT_DAY_CARE,12962840,9609,IN REVIEW,GOLDEN AGE ADULT DAY CARE CORP,PALMETTO BAY,Miami-Dade,Adult Day Care Center
FL_ADULT_DAY_CARE,12963050,9683,LICENSED,GOLDEN AGE ADULT DAY HEALTH CARE,LARGO,Pinellas,Adult Day Care Center
FL_ADULT_DAY_CARE,12962285,9199,IN REVIEW,GOLDEN AGE DAY CENTER INC,HOMESTEAD,Miami-Dade,Adult Day Care Center
FL_ADULT_DAY_CARE,12962420,9301,LICENSED,"GOLDEN SMILE ADULT DAY CARE, LLC",HALLANDLE BCH,Broward,Adult Day Care Center
FL_ADULT_DAY_CARE,12962233,9159,LICENSED,GOLDEN TIME ADULT DAY CARE,MIAMI,Miami-Dade,Adult Day Care Center
FL_ADULT_DAY_CARE,12962565,9414,LICENSED,GOLDEN YEARS ACTIVITY & REHABILITATION CENTER INC,GREENACRES,Palm Beach,Adult Day Care Center
FL_ADULT_DAY_CARE,12963008,9688,LICENSED,GOLDEN YEARS ADULT DAY CARE,LUTZ,Hillsborough,Adult Day Care Center
FL_ADULT_DAY_CARE,12963100,9696,LICENSED,"GOLDEN YEARS ADULT DAYCARE, INC",SEBRING,Highlands,Adult Day Care Center
FL_ADULT_DAY_CARE,12962231,9152,LICENSED,GRANDA'S ADULT DAY CARE,MIAMI,Miami-Dade,Adult Day Care Center
FL_ADULT_DAY_CARE,12962487,9356,IN REVIEW,GRANDPARENTS ADULT DAY CARE CORP,MIAMI,Miami-Dade,Adult Day Care Center
FL_ADULT_DAY_CARE,12962245,9167,IN REVIEW,HAPPY DAYS ADULT DAY CARE LLC,MIAMI,Miami-Dade,Adult Day Care Center
FL_ADULT_DAY_CARE,12962522,9383,LICENSED,HAPPY FACE ADULT DAY CARE LLC,MIAMI,Miami-Dade,Adult Day Care Center
FL_ADULT_DAY_CARE,12962490,9362,LICENSED,"HAPPY FAMILY ADULT DAY CARE, CORP",FORT MYERS,Lee,Adult Day Care Center
FL_ADULT_DAY_CARE,12962931,9658,LICENSED,HAPPY HEARTS & MINDS ADULT DAY CARE AND SERVICES,JACKSONVILLE,Duval,Adult Day Care Center
FL_ADULT_DAY_CARE,12962678,9511,LICENSED,HAPPY HOUSE SOCIAL CLUB LLC,GREENACRES,Palm Beach,Adult Day Care Center
FL_ADULT_DAY_CARE,12962725,9548,LICENSED,HAPPY PLACE ADC INC,FORT MYERS,Lee,Adult Day Care Center
FL_ADULT_DAY_CARE,12961801,8835,LICENSED,HAPPY TIMES ADULT DAY CARE CENTER CORP,HIALEAH,Miami-Dade,Adult Day Care Center
FL_ADULT_DAY_CARE,12962643,9475,IN REVIEW,HARMONIA THE CLUB,NAPLES,Collier,Adult Day Care Center
FL_ADULT_DAY_CARE,12962916,9644,LICENSED,HAVEN ADULT DAY CARE 2 LLC,MIAMI LAKES,Miami-Dade,Adult Day Care Center
FL_ADULT_DAY_CARE,12962556,9409,IN REVIEW,HAVEN ADULT DAY CARE LLC,HIALEAH,Miami-Dade,Adult Day Care Center
FL_ADULT_DAY_CARE,12962719,9544,IN REVIEW,HEAVENLY ADULT DAY CARE INC,HOMESTEAD,Miami-Dade,Adult Day Care Center
FL_ADULT_DAY_CARE,12962554,9408,LICENSED,HELPING HEARTS ADULT DAY CARE INC,HIALEAH,Miami-Dade,Adult Day Care Center
FL_ADULT_DAY_CARE,12962232,9158,LICENSED,HIALEAH SENIOR CLUB INC,HIALEAH,Miami-Dade,Adult Day Care Center
FL_ADULT_DAY_CARE,12962604,9449,LICENSED,HOGAR FELIZ LLC,MIAMI,Miami-Dade,Adult Day Care Center
FL_ADULT_DAY_CARE,12962283,9191,IN REVIEW,HOLISTIC ADULT CARE CENTER INC,MIAMI,Miami-Dade,Adult Day Care Center
FL_ADULT_DAY_CARE,12962096,9048,LICENSED,HOPE CARE CENTER,FORT MYERS,Lee,Adult Day Care Center
FL_ADULT_DAY_CARE,12962214,9141,IN REVIEW,HOPE CARE CENTER,PT CHARLOTTE,Charlotte,Adult Day Care Center
FL_ADULT_DAY_CARE,12962219,9493,LICENSED,HOPE CARE CENTER,LEHIGH ACRES,Lee,Adult Day Care Center
FL_ADULT_DAY_CARE,12962266,9186,LICENSED,HOPE CARE CENTER,NAPLES,Collier,Adult Day Care Center
FL_ADULT_DAY_CARE,12962409,9309,LICENSED,HOPE CARE CENTER,CAPE CORAL,Lee,Adult Day Care Center
FL_ADULT_DAY_CARE,12962697,9525,LICENSED,HORA FELIZ ADULT DAY CARE INC,HIALEAH,Miami-Dade,Adult Day Care Center
FL_ADULT_DAY_CARE,12962743,9564,LICENSED,HORIZON COMMUNITY ADULT DAY CARE INC,MIAMI,Miami-Dade,Adult Day Care Center
FL_ADULT_DAY_CARE,12962619,9458,LICENSED,HORIZONS ADULT DAY CARE INC,ST PETERSBURG,Pinellas,Adult Day Care Center
FL_ADULT_DAY_CARE,12962470,9344,LICENSED,"I.F.A. ADULTS CARE, INC",MIAMI,Miami-Dade,Adult Day Care Center
FL_ADULT_DAY_CARE,12962589,9439,LICENSED,ICARE ADULT DAY CARE INC,HIALEAH,Miami-Dade,Adult Day Care Center
FL_ADULT_DAY_CARE,12962268,9190,IN REVIEW,"IDEAL ADULT DAYCARE CENTER, INC.",HIALEAH,Miami-Dade,Adult Day Care Center
FL_ADULT_DAY_CARE,12962436,9314,LICENSED,IDEAL STAY ADULT DAY CARE AND REHAB CENTER INC,GREEN ACRES,Palm Beach,Adult Day Care Center
FL_ADULT_DAY_CARE,12962464,9338,LICENSED,IMATTER ADULT DAY CENTER LLC,BOYNTON BEACH,Palm Beach,Adult Day Care Center
FL_ADULT_DAY_CARE,12962515,9388,LICENSED,"IMPACT'S TRANSITIONAL LIFE SKILL CENTER, INC",BRANDON,Hillsborough,Adult Day Care Center
FL_ADULT_DAY_CARE,12962764,9574,LICENSED,"INNOVAGE FLORIDA PACE II, LLC",ORLANDO,Orange,Adult Day Care Center
FL_ADULT_DAY_CARE,12962702,9568,LICENSED,"INNOVAGE FLORIDA PACE, LLC",TAMPA,Hillsborough,Adult Day Care Center
FL_ADULT_DAY_CARE,12962392,9281,IN LITIGATION,J&C ADULT DAY CARE INC,HIALEAH,Miami-Dade,Adult Day Care Center
FL_ADULT_DAY_CARE,12962480,9375,LICENSED,JAIME'S ADULT DAY CENTERS,LUTZ,Hillsborough,Adult Day Care Center
FL_ADULT_DAY_CARE,12962810,9595,IN REVIEW,JERUSALEN SENIORS ADULT DAY CARE LLC,MIAMI,Miami-Dade,Adult Day Care Center
FL_ADULT_DAY_CARE,12962183,9125,IN REVIEW,JESUS ES MI ROCA INC,CUTLER BAY,Miami-Dade,Adult Day Care Center
FL_ADULT_DAY_CARE,12962462,9337,LICENSED,JOYFUL HEART ADULT DAY CENTER LLC,PEMBROKE PNES,Broward,Adult Day Care Center
FL_ADULT_DAY_CARE,12962259,9174,LICENSED,KANE CENTER,STUART,Martin,Adult Day Care Center
FL_ADULT_DAY_CARE,12962994,9662,LICENSED,KENDALL SOCIAL CLUB CENTER INC,MIAMI,Miami-Dade,Adult Day Care Center
FL_ADULT_DAY_CARE,12962330,9230,LICENSED,KEY TRAINING CENTER,LECANTO,Citrus,Adult Day Care Center
FL_ADULT_DAY_CARE,12962990,9678,LICENSED,"KINSHIP PACE OF SOUTH FLORIDA, LLC",DAVIE,Broward,Adult Day Care Center
FL_ADULT_DAY_CARE,12911493,381,LICENSED,KURT & ALICE WALTER ADULT DAY CARE & ALZHEIMER'S PAVILION,SUNRISE,Broward,Adult Day Care Center
FL_ADULT_DAY_CARE,12962668,9513,LICENSED,L & L EXECUTIVE ADULT DAY CARE,PENSACOLA,Escambia,Adult Day Care Center
FL_ADULT_DAY_CARE,12962877,9627,LICENSED,LA COLONIA WELLNESS CENTER HIALEAH LLC,HIALEAH,Miami-Dade,Adult Day Care Center
FL_ADULT_DAY_CARE,12962887,9624,LICENSED,LA COLONIA WELLNESS CENTER HOMESTEAD LLC,NARANJA,Miami-Dade,Adult Day Care Center
FL_ADULT_DAY_CARE,12962937,9647,LICENSED,LA COLONIA WELLNESS CENTER LITTLE HAVANA LLC,MIAMI,Miami-Dade,Adult Day Care Center
FL_ADULT_DAY_CARE,12962876,9630,LICENSED,LA COLONIA WELLNESS CENTER NORTH MIAMI LLC,NORTH MIAMI,Miami-Dade,Adult Day Care Center
FL_ADULT_DAY_CARE,12962883,9636,LICENSED,LA COLONIA WELLNESS CENTER PEMBROKE PINES LLC,PEMBROKE PINES,Broward,Adult Day Care Center
FL_ADULT_DAY_CARE,12962935,9645,LICENSED,LA COLONIA WELLNESS CENTER POMPANO BEACH LLC,POMPANO BEACH,Broward,Adult Day Care Center
FL_ADULT_DAY_CARE,12962874,9646,LICENSED,LA COLONIA WELLNESS CENTER TAMARAC LLC,TAMARAC,Broward,Adult Day Care Center
FL_ADULT_DAY_CARE,12962888,9626,LICENSED,LA COLONIA WELLNESS CENTER WEST KENDALL LLC,MIAMI,Miami-Dade,Adult Day Care Center
FL_ADULT_DAY_CARE,12962882,9625,LICENSED,LA COLONIA WELLNESS CENTER WESTCHESTER LLC,MIAMI,Miami-Dade,Adult Day Care Center
FL_ADULT_DAY_CARE,12962867,9622,LICENSED,LA COLONIA WELLNESS CNTR CUTLER BAY LLC,CUTLER BAY,Miami-Dade,Adult Day Care Center
FL_ADULT_DAY_CARE,12962872,9620,LICENSED,LA COLONIA WELLNESS CNTR EAST HIALEAH LLC,HIALEAH,Miami-Dade,Adult Day Care Center
FL_ADULT_DAY_CARE,12962871,9618,LICENSED,LA COLONIA WELLNESS CNTR HIALEAH GARDENS LLC,HIALEAH,Miami-Dade,Adult Day Care Center
FL_ADULT_DAY_CARE,12962523,9384,IN REVIEW,LA DOLCE VITA ADULT DAY CARE INC,HIALEAH,Miami-Dade,Adult Day Care Center
FL_ADULT_DAY_CARE,12962195,9127,IN REVIEW,"LA EDAD DE ORO ADULT DAY CARE, LLC",WEST MIAMI,Miami-Dade,Adult Day Care Center
FL_ADULT_DAY_CARE,12962662,9492,LICENSED,LA EDAD DORADA CORP,NORTH MIAMI,Miami-Dade,Adult Day Care Center
FL_ADULT_DAY_CARE,12962597,9441,LICENSED,LA EDAD PRODIGIOSA INC,MIAMI,Miami-Dade,Adult Day Care Center
FL_ADULT_DAY_CARE,12963071,9697,LICENSED,LA FAMILIA ADULT DAY CARE LLC,MIAMI,Miami-Dade,Adult Day Care Center
FL_ADULT_DAY_CARE,12962771,9576,LICENSED,"LA FELICIDAD ADULT DAY CARE, INC",HIALEAH,Miami-Dade,Adult Day Care Center
FL_ADULT_DAY_CARE,12962299,9208,IN REVIEW,LA MERCED ADULT DAY CARE CORP,MIAMI,Miami-Dade,Adult Day Care Center
FL_ADULT_DAY_CARE,12962830,9631,LICENSED,LA SONRISA DEL ABUELO LLC,FT LAUDERDALE,Broward,Adult Day Care Center
FL_ADULT_DAY_CARE,12962573,9421,IN REVIEW,LA VIDA EN ROSA ADULT DAY CARE INC,MIAMI,Miami-Dade,Adult Day Care Center
FL_ADULT_DAY_CARE,12962621,9460,LICENSED,LA VIDA ES BELLA ADULT DAY CARE LLC,MIAMI,Miami-Dade,Adult Day Care Center
FL_ADULT_DAY_CARE,12962767,9579,IN REVIEW,LA VIDA SIGUE ADULT DAY CARE LLC,MIAMI,Miami-Dade,Adult Day Care Center
FL_ADULT_DAY_CARE,12962354,9247,LICENSED,LAKE COUNTY ADULT ACTIVITY CENTER INC,CLERMONT,Lake,Adult Day Care Center
FL_ADULT_DAY_CARE,12961947,8944,LICENSED,LARGO ADULT DAY CARE CENTER,LARGO,Pinellas,Adult Day Care Center
FL_ADULT_DAY_CARE,12962469,9346,LICENSED,LAS MERCEDES ADULT DAY CARE,HIALEAH GDNS,Miami-Dade,Adult Day Care Center
FL_ADULT_DAY_CARE,12962482,9354,LICENSED,LAS MERCEDES ADULT DAY CARE,MIAMI,Miami-Dade,Adult Day Care Center
FL_ADULT_DAY_CARE,12962498,9364,LICENSED,LAS MERCEDES ADULT DAY CARE,MIAMI,Miami-Dade,Adult Day Care Center
FL_ADULT_DAY_CARE,12962549,9402,IN REVIEW,LAS MERCEDES ADULT DAY CARE,MIAMI,Miami-Dade,Adult Day Care Center
FL_ADULT_DAY_CARE,12962640,9485,LICENSED,LAS MERCEDES ADULT DAY CARE,HOMESTEAD,Miami-Dade,Adult Day Care Center
FL_ADULT_DAY_CARE,12962671,9512,LICENSED,LAS MERCEDES ADULT DAY CARE,HIALEAH,Miami-Dade,Adult Day Care Center
FL_ADULT_DAY_CARE,12962774,9585,LICENSED,LAS MERCEDES ADULT DAY CARE,PEMBROKE PINES,Broward,Adult Day Care Center
FL_ADULT_DAY_CARE,12962946,9654,LICENSED,LAS MERCEDES ADULT DAY CARE,TAMARAC,Broward,Adult Day Care Center
FL_ADULT_DAY_CARE,12962966,9666,LICENSED,LAS MERCEDES ADULT DAY CARE,NORTH MIAMI,Miami-Dade,Adult Day Care Center
FL_ADULT_DAY_CARE,12962164,9101,IN REVIEW,LAS MIAS ADULT DAY CARE,WEST MIAMI,Miami-Dade,Adult Day Care Center
FL_ADULT_DAY_CARE,12962652,9490,LICENSED,LAS MIAS ADULT DAY CARE 2 INC,MIAMI,Miami-Dade,Adult Day Care Center
FL_ADULT_DAY_CARE,12921624,7989,LICENSED,LAUDERDALE LAKES ALZHEIMER CARE CENTER,LAUD LAKES,Broward,Adult Day Care Center
FL_ADULT_DAY_CARE,12962162,9100,IN REVIEW,"LCC ADULT DAY CARE, LLC",HIALEAH,Miami-Dade,Adult Day Care Center
FL_ADULT_DAY_CARE,12962242,9170,IN REVIEW,LIBERTAD ADULT DAY CARE CORP,MIAMI,Miami-Dade,Adult Day Care Center
FL_ADULT_DAY_CARE,12962837,9608,IN REVIEW,LIBERTY ADULT DAY CARE INC,MIAMI,Miami-Dade,Adult Day Care Center
FL_ADULT_DAY_CARE,12962543,9395,LICENSED,LIFE ADULT DAY CARE LLC,MIAMI,Miami-Dade,Adult Day Care Center
FL_ADULT_DAY_CARE,12962658,9484,LICENSED,LIFE ADULT DAYCARE 2 LLC,MIAMI,Miami-Dade,Adult Day Care Center
FL_ADULT_DAY_CARE,12962583,9429,LICENSED,LIFE AND LOVE ADULT DAYCARE CENTER CORP,HIALEAH,Miami-Dade,Adult Day Care Center
FL_ADULT_DAY_CARE,12941665,8274,LICENSED,"LITTLE HAVANA ACTIVITIES & NUTRITION CENTERS OF DADE COUNTY, INC",MIAMI,Miami-Dade,Adult Day Care Center
FL_ADULT_DAY_CARE,12962456,9342,IN REVIEW,"LITTLE HAVANA ACTIVITIES & NUTRITION CENTERS OF DADE COUNTY, INC",MIAMI,Miami-Dade,Adult Day Care Center
FL_ADULT_DAY_CARE,12962624,9465,IN REVIEW,LIVE IN JOY ADULT DAY CARE CORP,MIAMI,Miami-Dade,Adult Day Care Center
FL_ADULT_DAY_CARE,12962731,9556,LICENSED,LIVE IT UP ADULT DAY CARE INC,HIALEAH GARDENS,Miami-Dade,Adult Day Care Center
FL_ADULT_DAY_CARE,12962925,9633,LICENSED,LIVING LIFE ADULT DAY CARE,MIAMI,Miami-Dade,Adult Day Care Center
FL_ADULT_DAY_CARE,12962355,9245,LICENSED,LONG LIFE ADULT DAYCARE INC,WEST MIAMI,Miami-Dade,Adult Day Care Center
FL_ADULT_DAY_CARE,12962587,9432,LICENSED,LOS ABUELOS FELICES LLC,HOMESTEAD,Miami-Dade,Adult Day Care Center
FL_ADULT_DAY_CARE,12962629,9468,LICENSED,"LOS ANGELES ADULT DAY CARE, INC",NAPLES,Collier,Adult Day Care Center
FL_ADULT_DAY_CARE,12962492,9365,LICENSED,LOU'S PLACE: A CARE COTTAGE,CLERMONT,Lake,Adult Day Care Center
FL_ADULT_DAY_CARE,12962553,9406,IN REVIEW,"LOVE & JOY ADULT DAY CARE, INC",MIAMI,Miami-Dade,Adult Day Care Center
FL_ADULT_DAY_CARE,12962569,9418,IN REVIEW,LOVE AND CARE ADULT DAY CARE,MIAMI,Miami-Dade,Adult Day Care Center
FL_ADULT_DAY_CARE,12963016,9669,LICENSED,LOVING CARE SENIOR CENTER LLC,GREENACRES,Palm Beach,Adult Day Care Center
FL_ADULT_DAY_CARE,12962961,9651,LICENSED,LOVING CARE SOCIAL CLUB LLC,MIAMI GARDENS,Miami-Dade,Adult Day Care Center
FL_ADULT_DAY_CARE,12962271,9183,LICENSED,LOVING HEART ADULT DAY CARE INC,FORT MYERS,Lee,Adult Day Care Center
FL_ADULT_DAY_CARE,12962524,9380,LICENSED,LOVING HEART ADULT DAY CARE INC,CAPE CORAL,Lee,Adult Day Care Center
FL_ADULT_DAY_CARE,12962683,9519,LICENSED,MAGIC CITY ADULT DAYCARE LLC,MIAMI,Miami-Dade,Adult Day Care Center
FL_ADULT_DAY_CARE,12962224,9156,IN REVIEW,MAGIK ADULT DAYCARE CENTER LLC,MIAMI LAKES,Miami-Dade,Adult Day Care Center
FL_ADULT_DAY_CARE,12962300,9212,LICENSED,"MARGARITA ADULT DAYCARE, LLC",CUTLER BAY,Miami-Dade,Adult Day Care Center
FL_ADULT_DAY_CARE,12962349,9249,LICENSED,"MARTHA'S ADULT DAYCARE & SERVICES, INC",JACKSONVILLE,Duval,Adult Day Care Center
FL_ADULT_DAY_CARE,12962408,9303,LICENSED,MEALS ON WHEELS PLUS ADULT DAY CENTER,LAKEWOOD RCH,Manatee,Adult Day Care Center
FL_ADULT_DAY_CARE,12962846,9614,LICENSED,MED-CARE ADULT DAYCARE INC,MIAMI,Miami-Dade,Adult Day Care Center
FL_ADULT_DAY_CARE,12962610,9454,IN REVIEW,MEDLEY SOCIAL CLUB,MEDLEY,Miami-Dade,Adult Day Care Center
FL_ADULT_DAY_CARE,12962369,9263,LICENSED,MELISSA'S PLACE INC,WILDWOOD,Sumter,Adult Day Care Center
FL_ADULT_DAY_CARE,12962071,9026,LICENSED,MEMORY & WELLNESS CENTER AT FLORIDA ATLANTIC UNIVERSITY,BOCA RATON,Palm Beach,Adult Day Care Center
FL_ADULT_DAY_CARE,12962602,9444,LICENSED,MI CASITA SENIORS CLUB ADULT DAY CARE CORP,MIAMI,Miami-Dade,Adult Day Care Center
FL_ADULT_DAY_CARE,12962400,9286,IN REVIEW,MI SEGUNDA CASA ADULT DAY CARE INC.,MIAMI,Miami-Dade,Adult Day Care Center
FL_ADULT_DAY_CARE,12962625,9461,IN REVIEW,MIAMI HORIZON ADULT DAY CARE INC,MIAMI LAKES,Miami-Dade,Adult Day Care Center
FL_ADULT_DAY_CARE,12962441,9326,LICENSED,MIAMI HORIZON CORP,MIAMI,Miami-Dade,Adult Day Care Center
FL_ADULT_DAY_CARE,12962568,9416,IN REVIEW,MIAMI LAKES ADULT DAY CARE,MIAMI LAKES,Miami-Dade,Adult Day Care Center
FL_ADULT_DAY_CARE,12962679,9509,LICENSED,MIAMI SOCIAL CLUB ADULT DAYCARE INC,MIAMI,Miami-Dade,Adult Day Care Center
FL_ADULT_DAY_CARE,12962475,9348,IN REVIEW,MIMAS ADULT DAY CARE CENTER INC,HIALEAH,Miami-Dade,Adult Day Care Center
FL_ADULT_DAY_CARE,12962761,9583,LICENSED,MIRAMAR ADULT DAY CARE LLC,MIRAMAR,Broward,Adult Day Care Center
FL_ADULT_DAY_CARE,12962518,9417,LICENSED,"MIS ABUELITOS ADULT DAY CARE, CORP",MIAMI,Miami-Dade,Adult Day Care Center
FL_ADULT_DAY_CARE,12962346,9266,IN REVIEW,"MIS ABUELITOS FELICES ADULT DAY CARE, INC",MIAMI,Miami-Dade,Adult Day Care Center
FL_ADULT_DAY_CARE,12962886,9619,LICENSED,MIS AMORES ADULT CARE LLC,HIALEAH,Miami-Dade,Adult Day Care Center
FL_ADULT_DAY_CARE,12962894,9621,LICENSED,MOMENTOS ADULT DAY CARE INC,MIAMI,Miami-Dade,Adult Day Care Center
FL_ADULT_DAY_CARE,12962673,9504,LICENSED,MONTE DE HOREB ADULT DAYCARE LLC,MIAMI,Miami-Dade,Adult Day Care Center
FL_ADULT_DAY_CARE,12962258,9180,IN REVIEW,MORNING STAR ADULT DAY CARE CENTER CORP,MIAMI,Miami-Dade,Adult Day Care Center
FL_ADULT_DAY_CARE,12962503,9366,LICENSED,MORNING STAR ADULT DAY CARE CENTER II CORP,MIAMI,Miami-Dade,Adult Day Care Center
FL_ADULT_DAY_CARE,12962457,9605,LICENSED,MORSELIFE ADULT DAY CARE CENTER,DELRAY BEACH,Palm Beach,Adult Day Care Center
FL_ADULT_DAY_CARE,12962592,9437,LICENSED,MORSELIFE HOME CARE ADULT DAY HEALTH,GREENACRES,Palm Beach,Adult Day Care Center
FL_ADULT_DAY_CARE,12962423,9300,LICENSED,MOUNT OLYMPUS SENIOR CARE AND ACTIVITY CENTER CORP,MIAMI,Miami-Dade,Adult Day Care Center
FL_ADULT_DAY_CARE,12962728,9551,LICENSED,MOUNT SINAI ELDERCARE INC,HIALEAH,Miami-Dade,Adult Day Care Center
FL_ADULT_DAY_CARE,12962264,9182,IN REVIEW,MSENE,MIAMI SPRINGS,Miami-Dade,Adult Day Care Center
FL_ADULT_DAY_CARE,12962781,9582,LICENSED,"MY ANGEL'S ADULT DAY CARE, INC",CAPE CORAL,Lee,Adult Day Care Center
FL_ADULT_DAY_CARE,12962684,9518,LICENSED,"MY BEST FAMILY ADULT DAY CARE, INC",MIAMI,Miami-Dade,Adult Day Care Center
FL_ADULT_DAY_CARE,12962320,9581,LICENSED,MY FAMILY ADULT DAY CARE LLC,MIAMI,Miami-Dade,Adult Day Care Center
FL_ADULT_DAY_CARE,12962758,9572,IN REVIEW,MY FRIENDS ADULT DAY CARE,MIAMI,Miami-Dade,Adult Day Care Center
FL_ADULT_DAY_CARE,12962820,9601,IN REVIEW,MY GOOD LIFE ADULT DAYCARE LLC,HOMESTEAD,Miami-Dade,Adult Day Care Center
FL_ADULT_DAY_CARE,12962821,9694,LICENSED,MY GUARDIAN ANGELS HOME CARE LLC,JACKSONVILLE,Duval,Adult Day Care Center
FL_ADULT_DAY_CARE,12962634,9471,IN REVIEW,MY PARENT'S HOUSE INC,MIAMI,Miami-Dade,Adult Day Care Center
FL_ADULT_DAY_CARE,12962540,9469,LICENSED,MY PARENTS ADULT DAY CARE LLC,MINNEOLA,Lake,Adult Day Care Center
FL_ADULT_DAY_CARE,12962654,9476,LICENSED,N & J ADULT DAY CARE,TAMPA,Hillsborough,Adult Day Care Center
FL_ADULT_DAY_CARE,12962422,9308,LICENSED,NANA'S ADULT DAY CARE AND RECREATION CENTER LLC,MIAMI,Miami-Dade,Adult Day Care Center
FL_ADULT_DAY_CARE,12951697,8577,LICENSED,NASSAU COUNTY COUNCIL ON AGING INC,FERN BCH,Nassau,Adult Day Care Center
FL_ADULT_DAY_CARE,12962612,9455,LICENSED,NEIGHBORLY SUNNY HARBOR ADULT DAY SERVICES,PALM HARBOR,Pinellas,Adult Day Care Center
FL_ADULT_DAY_CARE,12961913,8906,LICENSED,NEW DAY ADULT CARE CENTER,N PALM BEACH,Palm Beach,Adult Day Care Center
FL_ADULT_DAY_CARE,12962237,9162,LICENSED,NEW HORIZON ADULT ACTIVITY CENTER INC,MIAMI,Miami-Dade,Adult Day Care Center
FL_ADULT_DAY_CARE,12962605,9447,IN REVIEW,NEW LIFE ADULT DAY CARE CORP,MIAMI,Miami-Dade,Adult Day Care Center
FL_ADULT_DAY_CARE,12962533,9393,LICENSED,NIRVANA ADULT DAY CARE INC,PEMBROKE PNES,Broward,Adult Day Care Center
FL_ADULT_DAY_CARE,12962202,9132,IN REVIEW,NONNAS ADULT DAY CARE FACILITY INC,MIAMI,Miami-Dade,Adult Day Care Center
FL_ADULT_DAY_CARE,12962481,9351,IN REVIEW,NORTH MIAMI ADULT DAY CARE CENTER INC,NORTH MIAMI,Miami-Dade,Adult Day Care Center
FL_ADULT_DAY_CARE,12931635,379,LICENSED,NORTHEAST FOCAL POINT ADULT DAY CARE CENTER,DEERFIELD BCH,Broward,Adult Day Care Center
FL_ADULT_DAY_CARE,12911581,377,LICENSED,NORTHWEST FOCAL POINT SENIOR CENTER ADULT DAY CARE,MARGATE,Broward,Adult Day Care Center
FL_ADULT_DAY_CARE,12962381,9269,LICENSED,"NOSTALGIA ADULT DAY CARE & ACTIVITIES CENTER, INC",MIAMI GARDENS,Miami-Dade,Adult Day Care Center
FL_ADULT_DAY_CARE,12962802,9588,IN REVIEW,OASIS ADULT DAY CARE LLC,PALM SPRINGS NORTH,Miami-Dade,Adult Day Care Center
FL_ADULT_DAY_CARE,12962615,9457,IN REVIEW,OASIS CLUB DAY CARE CORP,MIAMI,Miami-Dade,Adult Day Care Center
FL_ADULT_DAY_CARE,12962850,9611,IN REVIEW,OCEAN EAST WELLNESS CENTER LLC,MIAMI,Miami-Dade,Adult Day Care Center
FL_ADULT_DAY_CARE,12962447,9325,IN REVIEW,"OLIMPO ADULT DAY CARE, INC",MIAMI,Miami-Dade,Adult Day Care Center
FL_ADULT_DAY_CARE,12962939,9673,LICENSED,ORLANDO LUTHERAN TOWERS D/B/A ORLANDO SENIOR HEALTH LIFE ENRICHMENT CENTER,ORLANDO,Orange,Adult Day Care Center
FL_ADULT_DAY_CARE,12962126,9073,LICENSED,"OSCEOLA COUNCIL ON AGING, INC",KISSIMMEE,Osceola,Adult Day Care Center
FL_ADULT_DAY_CARE,12962748,9565,LICENSED,PACE ADULT DAY CARE,WEST PALM BCH,Palm Beach,Adult Day Care Center
FL_ADULT_DAY_CARE,12911585,344,LICENSED,PALM BEACH COUNTY BOARD OF COUNTY COMMISSIONERS,PALM BEACH GARDENS,Palm Beach,Adult Day Care Center
FL_ADULT_DAY_CARE,12962140,9082,LICENSED,PALM BEACH COUNTY BOARD OF COUNTY COMMISSIONERS,PALM SPRINGS,Palm Beach,Adult Day Care Center
FL_ADULT_DAY_CARE,12962129,9077,LICENSED,PALM TERRACE ASSISTED LIVING FACILITY & ADULT DAY CARE CENTER,TAMPA,Hillsborough,Adult Day Care Center
FL_ADULT_DAY_CARE,12962856,9653,LICENSED,PALOMA'S ADULT DAY CARE LLC,TAMPA,Hillsborough,Adult Day Care Center
FL_ADULT_DAY_CARE,12962372,9262,LICENSED,"PARADISE ADULT DAY CARE, INC",HIALEAH,Miami-Dade,Adult Day Care Center
FL_ADULT_DAY_CARE,12962561,9413,LICENSED,PARADISE ADULT DAYCARE CENTER,PEMBROKE PNES,Broward,Adult Day Care Center
FL_ADULT_DAY_CARE,12962677,9507,LICENSED,"PARADISE CARE OF ORLANDO, INC",ORLANDO,Orange,Adult Day Care Center
FL_ADULT_DAY_CARE,12962607,9452,LICENSED,PARADISE SOCIAL CLUB ADULT DAY CARE CORP,HIALEAH,Miami-Dade,Adult Day Care Center
FL_ADULT_DAY_CARE,12962496,9367,LICENSED,PARADISE THERAPEUTIC ADULT DAY CARE CENTER INC,GREENACRES,Palm Beach,Adult Day Care Center
FL_ADULT_DAY_CARE,12962696,9524,IN REVIEW,PEACEFUL ADULT DAY CARE LLC,MIAMI,Miami-Dade,Adult Day Care Center
FL_ADULT_DAY_CARE,12931644,8159,LICENSED,"PEACHES-NA-BASKET ADULT DAY CARE CENTER, INC",JACKSONVILLE,Duval,Adult Day Care Center
FL_ADULT_DAY_CARE,12962466,9339,LICENSED,PEARLENA'S ADULT ACTIVITY CENTER,TAMPA,Hillsborough,Adult Day Care Center
FL_ADULT_DAY_CARE,12962443,9313,LICENSED,PENATE ADULT CARE 1 LLC,MIAMI,Miami-Dade,Adult Day Care Center
FL_ADULT_DAY_CARE,12962603,9451,LICENSED,PENATE ADULT CARE 2 LLC,HIALEAH,Miami-Dade,Adult Day Care Center
FL_ADULT_DAY_CARE,12962644,9481,LICENSED,PENATE ADULT DAY CARE 3 LLC,CUTLER BAY,Miami-Dade,Adult Day Care Center
FL_ADULT_DAY_CARE,12962666,9500,LICENSED,PENATE ADULT DAYCARE 4 LLC,MIAMI GARDENS,Miami-Dade,Adult Day Care Center
FL_ADULT_DAY_CARE,12962705,9537,IN REVIEW,PENATE ADULT DAYCARE 5 LLC,N MIAMI BEACH,Miami-Dade,Adult Day Care Center
FL_ADULT_DAY_CARE,12962844,9613,IN REVIEW,PENATE ADULT DAYCARE 6 LLC,MIAMI,Miami-Dade,Adult Day Care Center
FL_ADULT_DAY_CARE,12962483,9353,IN REVIEW,PEQUENOS GIGANTES ADULT DAY CARE INC,MIAMI,Miami-Dade,Adult Day Care Center
FL_ADULT_DAY_CARE,12961964,8953,LICENSED,PHYLLIS BUSANSKY ADULT DAY CARE CENTER,TAMPA,Hillsborough,Adult Day Care Center
FL_ADULT_DAY_CARE,12911559,370,LICENSED,PLANT CITY ADULT DAY CARE CENTER,PLANT CITY,Hillsborough,Adult Day Care Center
FL_ADULT_DAY_CARE,12962121,9068,LICENSED,PORTER'S ADULT CARE INC,JACKSONVILLE,Duval,Adult Day Care Center
FL_ADULT_DAY_CARE,12962661,9505,LICENSED,PRECIOUS MOMENTS ADULT DAYCARE CENTER INC,HIALEAH GDNS,Miami-Dade,Adult Day Care Center
FL_ADULT_DAY_CARE,12962502,9368,LICENSED,PRIMAVERA ADULT DAY CARE INC,MIAMI,Miami-Dade,Adult Day Care Center
FL_ADULT_DAY_CARE,12962736,9558,LICENSED,"PRIME ADULT DAY CARE, LLC",MIAMI,Miami-Dade,Adult Day Care Center
FL_ADULT_DAY_CARE,12962691,9523,LICENSED,PRIMOS CAREGIVERS LLC,MIAMI,Miami-Dade,Adult Day Care Center
FL_ADULT_DAY_CARE,12962277,9188,IN REVIEW,PROFESSIONAL ADULT DAY CARE INC,HIALEAH,Miami-Dade,Adult Day Care Center
FL_ADULT_DAY_CARE,12962834,9606,IN REVIEW,PROMISE HEALTH CORP,PALMETTO BAY,Miami-Dade,Adult Day Care Center
FL_ADULT_DAY_CARE,12962739,9557,LICENSED,"PURA VIDA ADULT DAY CARE, INC",HIALEAH,Miami-Dade,Adult Day Care Center
FL_ADULT_DAY_CARE,12963047,9672,LICENSED,PURA VIDA DAY CENTER LLC,TAMPA,Hillsborough,Adult Day Care Center
FL_ADULT_DAY_CARE,12962651,9491,LICENSED,QUIEREME MUCHO ADULT DAY CARE CORP,MIAMI,Miami-Dade,Adult Day Care Center
FL_ADULT_DAY_CARE,12962756,9570,LICENSED,RENACER 2 ADULT DAY CARE LLC,HIALEAH,Miami-Dade,Adult Day Care Center
FL_ADULT_DAY_CARE,12962657,9483,LICENSED,RENACER ADULT DAY CARE LLC,MIAMI,Miami-Dade,Adult Day Care Center
FL_ADULT_DAY_CARE,12962560,9410,LICENSED,RIGHT CHOICE SENIOR ACTIVITY CENTER LLC,LAKE MARY,Seminole,Adult Day Care Center
FL_ADULT_DAY_CARE,12962566,9415,IN REVIEW,RISE AND SHINE ADULT DAY CARE LLC,MIAMI,Miami-Dade,Adult Day Care Center
FL_ADULT_DAY_CARE,12962182,9112,LICENSED,RIVER'S EDGE ADULT DAY CARE INC,PALM BAY,Brevard,Adult Day Care Center
FL_ADULT_DAY_CARE,12962117,9067,LICENSED,"ROSELAND ADULT DAYCARE, INC",MIAMI,Miami-Dade,Adult Day Care Center
FL_ADULT_DAY_CARE,12962680,9514,LICENSED,ROSS FAMILY ADULT DAY CARE LLC,HIALEAH,Miami-Dade,Adult Day Care Center
FL_ADULT_DAY_CARE,12962665,9495,LICENSED,"ROYAL PALM ADULT DAY CARE CENTER, INC",ROYAL PLM BCH,Palm Beach,Adult Day Care Center
FL_ADULT_DAY_CARE,12962828,9603,IN REVIEW,ROYAL SOCIAL CLUB ADULT DAY CARE LLC,MIAMI,Miami-Dade,Adult Day Care Center
FL_ADULT_DAY_CARE,12962692,9526,LICENSED,RUTH'S PROMISE ADULT DAY PROGRAM,LARGO,Pinellas,Adult Day Care Center
FL_ADULT_DAY_CARE,12962315,9226,LICENSED,SAN JOSE ADULT DAY CARE LLC,MIAMI,Miami-Dade,Adult Day Care Center
FL_ADULT_DAY_CARE,12962698,9527,LICENSED,SANTA BARBARA SOCIAL CLUB LLC,CAPE CORAL,Lee,Adult Day Care Center
FL_ADULT_DAY_CARE,12962999,9664,LICENSED,SANTOS ACTIVITY CENTER HOMESTEAD,HOMESTEAD,Miami-Dade,Adult Day Care Center
FL_ADULT_DAY_CARE,12962921,9649,LICENSED,SANTOS ACTIVITY CENTER INC,MIAMI,Miami-Dade,Adult Day Care Center
FL_ADULT_DAY_CARE,12962426,9304,LICENSED,"SANTOS'S ADULT DAY CARE, INC",MIAMI,Miami-Dade,Adult Day Care Center
FL_ADULT_DAY_CARE,12962203,9134,IN REVIEW,SARAH CARE ADULT DAY CARE OF PEMBROKE PINES,PEMBROKE PINES,Broward,Adult Day Care Center
FL_ADULT_DAY_CARE,12962125,9070,LICENSED,SARAHCARE OF CORAL SPRINGS,CORAL SPRINGS,Broward,Adult Day Care Center
FL_ADULT_DAY_CARE,12962159,9097,IN LITIGATION,SARAHCARE OF MELBOURNE,MELBOURNE,Brevard,Adult Day Care Center
FL_ADULT_DAY_CARE,12931637,8106,LICENSED,SCHAFFER ADULT DAY HEALTH CENTER,WEST PALM BEACH,Palm Beach,Adult Day Care Center
FL_ADULT_DAY_CARE,12962517,9379,LICENSED,"SEA BREEZE ADULT DAY CENTER, LLC",ST PETERSBURG,Pinellas,Adult Day Care Center
FL_ADULT_DAY_CARE,12962021,8991,LICENSED,SENDER RETREAT,DELAND,Volusia,Adult Day Care Center
FL_ADULT_DAY_CARE,12962537,9392,IN REVIEW,SENIOR ACTIVITY CENTER CORP,MIAMI,Miami-Dade,Adult Day Care Center
FL_ADULT_DAY_CARE,12962344,9238,LICENSED,SENIOR CENTER II ADULT DAY CARE CORP,MIAMI,Miami-Dade,Adult Day Care Center
FL_ADULT_DAY_CARE,12911501,305,LICENSED,"SENIOR FRIENDSHIP CENTERS, INC",VENICE,Sarasota,Adult Day Care Center
FL_ADULT_DAY_CARE,12911549,350,LICENSED,"SENIOR FRIENDSHIP CENTERS, INC",SARASOTA,Sarasota,Adult Day Care Center
FL_ADULT_DAY_CARE,12962982,9657,LICENSED,SENIOR HAVEN DAY CARE CORP.,TAMPA,Hillsborough,Adult Day Care Center
FL_ADULT_DAY_CARE,12962730,9560,LICENSED,SENIOR LIFE ADULT DAY CARE,FLORIDA CITY,Miami-Dade,Adult Day Care Center
FL_ADULT_DAY_CARE,12962368,9257,LICENSED,"SENIOR RESOURCE ASSOCIATION , INC",VERO BEACH,Indian River,Adult Day Care Center
FL_ADULT_DAY_CARE,12962000,8983,LICENSED,"SENIOR RESOURCE ASSOCIATION, INC",SEBASTIAN,Indian River,Adult Day Care Center
FL_ADULT_DAY_CARE,12962382,9268,LICENSED,SENIOR VISTA ADULT DAY CARE LLC,MARGATE,Broward,Adult Day Care Center
FL_ADULT_DAY_CARE,12962717,9542,IN REVIEW,SENIORS DREAMS ADULT DAYCARE,HIALEAH,Miami-Dade,Adult Day Care Center
FL_ADULT_DAY_CARE,12962412,9294,LICENSED,"SENIORS GARDEN ADULT DAYCARE, LLC",HIALEAH,Miami-Dade,Adult Day Care Center
FL_ADULT_DAY_CARE,12962476,9347,LICENSED,SERENITY LIFE ADULT DAY CARE CENTER INC,TAMPA,Hillsborough,Adult Day Care Center
FL_ADULT_DAY_CARE,12911508,347,LICENSED,"SHARE THE CARE, INC",ALTAMONTE SPG,Seminole,Adult Day Care Center
FL_ADULT_DAY_CARE,12911509,339,LICENSED,"SHARE THE CARE, INC",ORLANDO,Orange,Adult Day Care Center
FL_ADULT_DAY_CARE,12962331,9233,LICENSED,"SHARE THE CARE, INC",ORLANDO,Orange,Adult Day Care Center
FL_ADULT_DAY_CARE,12962416,9298,LICENSED,"SHARE THE CARE, INC",WINTER SPGS,Seminole,Adult Day Care Center
FL_ADULT_DAY_CARE,12962694,9522,LICENSED,"SIEMPRE JOVENES ADULT DAY CARE, LLC",HIALEAH GDNS,Miami-Dade,Adult Day Care Center
FL_ADULT_DAY_CARE,12962812,9600,IN REVIEW,SILVER HEART ADULT DAY CARE,PLANT CITY,Hillsborough,Adult Day Care Center
FL_ADULT_DAY_CARE,12962808,9592,LICENSED,SMILING AND GROWING OLDER CORP,NORTH MIAMI,Miami-Dade,Adult Day Care Center
FL_ADULT_DAY_CARE,12962427,9305,LICENSED,SOCIAL CENTER ADULT DAY CARE LLC,HIALEAH,Miami-Dade,Adult Day Care Center
FL_ADULT_DAY_CARE,12951694,8547,LICENSED,SOUTHWEST FOCAL POINT SENIOR CENTER,PEMBROKE PNES,Broward,Adult Day Care Center
FL_ADULT_DAY_CARE,12962920,9643,LICENSED,"SPRYCARE SENIOR CENTER, LLC",WEST PALM BEACH,Palm Beach,Adult Day Care Center
FL_ADULT_DAY_CARE,12962275,9185,IN REVIEW,ST JUDE ADULT DAY CARE LLC,MIAMI,Miami-Dade,Adult Day Care Center
FL_ADULT_DAY_CARE,12962103,9055,LICENSED,STAY FOR A DAY ADULT DAY CARE,ORANGE CITY,Volusia,Adult Day Care Center
FL_ADULT_DAY_CARE,12962922,9642,LICENSED,STAY FOR THE DAY ADULT DAY CARE,JACKSONVILLE,Duval,Adult Day Care Center
FL_ADULT_DAY_CARE,12962952,9667,LICENSED,STEP BY STEP YOUNG ADULT CENTER LLC,HIALEAH,Miami-Dade,Adult Day Care Center
FL_ADULT_DAY_CARE,12962793,9682,LICENSED,SUNNY SKIES ADULT DAYCARE LLC,FORT MYERS,Lee,Adult Day Care Center
FL_ADULT_DAY_CARE,12962681,9515,LICENSED,"SUNRISE FOR A HAPPY LIFE ADULT DAY CARE I, INC",LAKELAND,Polk,Adult Day Care Center
FL_ADULT_DAY_CARE,12962718,9543,IN REVIEW,SUNRISE SENIOR CARE INC,FT LAUDERDALE,Broward,Adult Day Care Center
FL_ADULT_DAY_CARE,12962142,9081,LICENSED,SUNSHINE CENTER (THE),ST AUGUSTINE,St. Johns,Adult Day Care Center
FL_ADULT_DAY_CARE,12962711,9539,IN REVIEW,"SUPREME ADULT DAY CARE, INC",HIALEAH,Miami-Dade,Adult Day Care Center
FL_ADULT_DAY_CARE,12962488,9358,LICENSED,SWEET HOME ADULT DAY CARE LLC,LEHIGH ACRES,Lee,Adult Day Care Center
FL_ADULT_DAY_CARE,12962273,9187,IN REVIEW,SWEET LIFE ADULT DAY CARE GROUP,MIAMI,Miami-Dade,Adult Day Care Center
FL_ADULT_DAY_CARE,12962712,9536,IN REVIEW,"SWEET MORNING ADULT DAY CARE, INC",HIALEAH,Miami-Dade,Adult Day Care Center
FL_ADULT_DAY_CARE,12962653,9477,IN REVIEW,TAMARAC SENIORS CENTER INC,TAMARAC,Broward,Adult Day Care Center
FL_ADULT_DAY_CARE,12962631,9470,IN LITIGATION,TAMBOLINA ADULT DAY CARE,JACKSONVILLE,Duval,Adult Day Care Center
FL_ADULT_DAY_CARE,12962220,9143,LICENSED,TENDER LOVING CARE ADULT DAY HEALTH CENTER,POMPANO BEACH,Broward,Adult Day Care Center
FL_ADULT_DAY_CARE,12963033,9686,LICENSED,THE FAMILY ADULT CARE INC,HIALEAH,Miami-Dade,Adult Day Care Center
FL_ADULT_DAY_CARE,12962536,9391,IN REVIEW,THE GARDEN OF EDEN 2015 CORP,HIALEAH,Miami-Dade,Adult Day Care Center
FL_ADULT_DAY_CARE,12963040,9670,LICENSED,"THE GARDEN OF EDEN 2025, CORP",FORT MYERS,Lee,Adult Day Care Center
FL_ADULT_DAY_CARE,12962508,9374,IN REVIEW,THE GOLDEN YEARS ADC,MIAMI,Miami-Dade,Adult Day Care Center
FL_ADULT_DAY_CARE,12962693,9529,IN REVIEW,"THE GOLDEN YEARS ADC, INC",CORAL SPRINGS,Broward,Adult Day Care Center
FL_ADULT_DAY_CARE,12962907,9637,LICENSED,THE GOLDEN YEARS SENIOR ACTIVITY CENTER CORP,LEESBURG,Lake,Adult Day Care Center
FL_ADULT_DAY_CARE,12962150,9092,LICENSED,THE JOY OF LIFE ADULT DAY CARE INC,MIAMI,Miami-Dade,Adult Day Care Center
FL_ADULT_DAY_CARE,12911515,314,IN REVIEW,THE MIAMI-DADE COUNTY EDISON LITTLE RIVER ADULT DAY CARE CENTER,MIAMI,Miami-Dade,Adult Day Care Center
FL_ADULT_DAY_CARE,12911514,312,IN REVIEW,THE MIAMI-DADE COUNTY NORTH DADE ADULT DAY CARE CENTER,MIAMI,Miami-Dade,Adult Day Care Center
FL_ADULT_DAY_CARE,12961990,8978,IN REVIEW,THE MIAMI-DADE COUNTY WEST DADE ADULT DAY CARE CENTER,MIAMI,Miami-Dade,Adult Day Care Center
FL_ADULT_DAY_CARE,12962613,9456,LICENSED,THE PACE PLACE,JACKSONVILLE,Duval,Adult Day Care Center
FL_ADULT_DAY_CARE,12962293,9206,LICENSED,THE SENIOR CLUB 1,MIAMI,Miami-Dade,Adult Day Care Center
FL_ADULT_DAY_CARE,12911550,360,LICENSED,THE VOLEN CENTER,BOCA RATON,Palm Beach,Adult Day Care Center
FL_ADULT_DAY_CARE,12961817,8841,LICENSED,THE VOLEN CENTER,DELRAY BEACH,Palm Beach,Adult Day Care Center
FL_ADULT_DAY_CARE,12963039,9675,LICENSED,TINA'S ADULT DAY CARE,SARASOTA,Sarasota,Adult Day Care Center
FL_ADULT_DAY_CARE,12962628,9462,LICENSED,TLC ADULT DAY CARE AND RECREATION CENTER INC,OLDSMAR,Pinellas,Adult Day Care Center
FL_ADULT_DAY_CARE,12962703,9531,LICENSED,TOMADOS DE LA MANO ADULT DAY CARE LLC,MIAMI,Miami-Dade,Adult Day Care Center
FL_ADULT_DAY_CARE,12962439,9316,LICENSED,TOUCHING HEARTS ADC,TAMPA,Hillsborough,Adult Day Care Center
FL_ADULT_DAY_CARE,12962740,9563,LICENSED,TOWN SQUARE BRADENTON AT UNIVERSITY PARKWAY,SARASOTA,Manatee,Adult Day Care Center
FL_ADULT_DAY_CARE,12962700,9533,LICENSED,TOWN SQUARE SARASOTA,SARASOTA,Sarasota,Adult Day Care Center
FL_ADULT_DAY_CARE,12962309,9217,LICENSED,TRANQUILITY BAY ADULT DAY CARE CORP,KEY LARGO,Monroe,Adult Day Care Center
FL_ADULT_DAY_CARE,12962558,9412,LICENSED,TRANQUILITY BAY ADULT DAY CARE OF MARATHON CORP,MARATHON,Monroe,Adult Day Care Center
FL_ADULT_DAY_CARE,12962297,9209,LICENSED,"TREE OF LIFE ADULT DAY CARE, INC",MIAMI,Miami-Dade,Adult Day Care Center
FL_ADULT_DAY_CARE,12962627,9463,LICENSED,"TRI-CITY ADULT DAY CARE, INC.",TAVARES,Lake,Adult Day Care Center
FL_ADULT_DAY_CARE,12962750,9571,LICENSED,TRINITY HEALTH PACE OF PENSACOLA INC,PENSACOLA,Escambia,Adult Day Care Center
FL_ADULT_DAY_CARE,12962584,9430,LICENSED,"TU SALUD ADULT DAY CARE, INC",MIAMI GARDENS,Miami-Dade,Adult Day Care Center
FL_ADULT_DAY_CARE,12962351,9691,LICENSED,TWIN PALMS CENTER FOR THE DISABLED,BOCA RATON,Palm Beach,Adult Day Care Center
FL_ADULT_DAY_CARE,12962595,9443,LICENSED,"UNICA ADULT DAY CARE CENTER, LLC",MIAMI,Miami-Dade,Adult Day Care Center
FL_ADULT_DAY_CARE,12962724,9547,LICENSED,UNIMED ADULT DAY CARE LLC,MIAMI GARDENS,Miami-Dade,Adult Day Care Center
FL_ADULT_DAY_CARE,12962172,9108,IN REVIEW,UNIQUE ADULT DAY CARE CENTER INC,CORAL GABLES,Miami-Dade,Adult Day Care Center
FL_ADULT_DAY_CARE,12962512,9373,LICENSED,UNITED HELP COMMUNITY SERVICES INC,HIALEAH,Miami-Dade,Adult Day Care Center
FL_ADULT_DAY_CARE,12963055,9693,LICENSED,UNIVIDA ADC WEST MIAMI LLC,MIAMI,Miami-Dade,Adult Day Care Center
FL_ADULT_DAY_CARE,12962785,9584,IN REVIEW,UNIVIDA ADULT DAY CARE LLC,MIAMI,Miami-Dade,Adult Day Care Center
FL_ADULT_DAY_CARE,12962851,9612,IN REVIEW,VIDA ADULT DAY CARE CORP,HOMESTEAD,Miami-Dade,Adult Day Care Center
FL_ADULT_DAY_CARE,12962768,9573,LICENSED,"VIDA Y ALEGRIA ADULT DAY CARE, INC",MIAMI,Miami-Dade,Adult Day Care Center
FL_ADULT_DAY_CARE,12962255,9178,IN REVIEW,"VISTA ADULT CARE, INC",MIAMI,Miami-Dade,Adult Day Care Center
FL_ADULT_DAY_CARE,12962963,9656,LICENSED,VITAL SENIOR CENTER LLC,DORAL,Miami-Dade,Adult Day Care Center
FL_ADULT_DAY_CARE,12962688,9521,LICENSED,VIVE FELIZ ADULT DAYCARE INC,HOMESTEAD,Miami-Dade,Adult Day Care Center
FL_ADULT_DAY_CARE,12963048,9695,LICENSED,"VOANS SENIOR COMMUNITY CARE OF FLORIDA, INC.",TALLAHASSEE,Leon,Adult Day Care Center
FL_ADULT_DAY_CARE,12961865,8869,LICENSED,WEISSMAN DAY CENTER,ST PETERSBURG,Pinellas,Adult Day Care Center
FL_ADULT_DAY_CARE,12951703,8484,LICENSED,WILTON MANORS ADULT DAY CARE CENTER,WILTON MANORS,Broward,Adult Day Care Center
FL_ADULT_DAY_CARE,12962747,9566,LICENSED,WIMAUMA SENIOR CENTER,WIMAUMA,Hillsborough,Adult Day Care Center
FL_ADULT_DAY_CARE,12962360,9251,LICENSED,WISDOM ADULT DAY CARE SERVICES,HAVANA,Gadsden,Adult Day Care Center
FL_ADULT_DAY_CARE,12962459,9333,IN REVIEW,WITH LOVE ADULT DAY CARE CENTER CORP,MIAMI SPRINGS,Miami-Dade,Adult Day Care Center
FL_ADULT_DAY_CARE,12962902,9640,LICENSED,WONDER LIFE ENTERPRISES INC,PEMBROKE PINES,Broward,Adult Day Care Center
FL_ADULT_DAY_CARE,12963024,9681,LICENSED,XCLUSIVE SENIOR DAY CARE CENTER II LLC,HIALEAH,Miami-Dade,Adult Day Care Center
FL_ADULT_DAY_CARE,12962167,9102,LICENSED,"XCLUSIVE SENIOR DAY CARE CENTER, INC",HIALEAH GDNS,Miami-Dade,Adult Day Care Center
FL_ADULT_DAY_CARE,12963053,9685,LICENSED,YEDA SOCIAL CLUB LLC,MIAMI,Miami-Dade,Adult Day Care Center
