source_class,license_nbr,business_unique_id,business_name,license_status,license_creation_date,license_expiration_date
NYC_STORAGE_WAREHOUSE,0765341-DCA,BA-1423758-2022,"MORGAN AND BROTHER MANHATTAN STORAGE COMPANY, INC.",Active,1995-03-27T00:00:00.000,2027-04-01T00:00:00.000
NYC_STORAGE_WAREHOUSE,0765342-DCA,BA-1423759-2022,"MORGAN AND BROTHER MANHATTAN STORAGE COMPANY, INC.",Active,2001-06-21T00:00:00.000,2027-04-01T00:00:00.000
NYC_STORAGE_WAREHOUSE,0765359-DCA,BA-1441729-2022,"MORGAN AND BROTHER MANHATTAN STORAGE COMPANY, INC.",Active,1999-04-09T00:00:00.000,2027-04-01T00:00:00.000
NYC_STORAGE_WAREHOUSE,0765387-DCA,BA-1470992-2022,NEW YORKER WAREHOUSE CO. INC.,Expired,1997-04-03T00:00:00.000,2025-04-01T00:00:00.000
NYC_STORAGE_WAREHOUSE,0765506-DCA,BA-1509102-2022,"U. SANTINI, INC.",Active,2011-08-05T00:00:00.000,2027-04-01T00:00:00.000
NYC_STORAGE_WAREHOUSE,0853529-DCA,BA-1374240-2022,"MORGAN AND BROTHER MANHATTAN STORAGE COMPANY, INC.",Active,2001-06-22T00:00:00.000,2027-04-01T00:00:00.000
NYC_STORAGE_WAREHOUSE,0881703-DCA,BA-1460621-2022,MOVING RIGHT ALONG SERVICE INC.,Active,1997-03-24T00:00:00.000,2027-04-01T00:00:00.000
NYC_STORAGE_WAREHOUSE,0889045-DCA,BA-1095691-2022,"AUER'S MOVING & RIGGING CO., INC.",Active,2008-02-28T00:00:00.000,2027-04-01T00:00:00.000
NYC_STORAGE_WAREHOUSE,0900001-DCA,BA-1357943-2022,"KEEP IT LOCKED STORAGE, INC.",Active,1997-03-25T00:00:00.000,2027-04-01T00:00:00.000
NYC_STORAGE_WAREHOUSE,0910599-DCA,BA-1201868-2022,"FLAT RATE MOVERS, LTD.",Active,1997-04-17T00:00:00.000,2027-04-01T00:00:00.000
NYC_STORAGE_WAREHOUSE,0917825-DCA,BA-1276501-2022,"LITTLE JOHNS MOVING, INC",Active,1997-03-12T00:00:00.000,2027-04-01T00:00:00.000
NYC_STORAGE_WAREHOUSE,0919240-DCA,BA-1483444-2022,"RUBINSTEIN VAN LINES, INC.",Expired,1997-03-19T00:00:00.000,2025-04-01T00:00:00.000
NYC_STORAGE_WAREHOUSE,0957642-DCA,BA-1460447-2022,NEW YORK SELF STORAGE INC.,Active,1997-04-02T00:00:00.000,2027-04-01T00:00:00.000
NYC_STORAGE_WAREHOUSE,1176367-DCA,BA-1117504-2022,"BEN HUR MOVING & STORAGE, INC.",Expired,2013-06-11T00:00:00.000,2023-04-01T00:00:00.000
NYC_STORAGE_WAREHOUSE,1216714-DCA,BA-1279172-2022,KIMONS MOVING INC.,Active,2005-12-30T00:00:00.000,2027-04-01T00:00:00.000
NYC_STORAGE_WAREHOUSE,1258976-DCA,BA-1101756-2022,"AUER'S MOVING & RIGGING CO., INC.",Active,2007-06-18T00:00:00.000,2027-04-01T00:00:00.000
NYC_STORAGE_WAREHOUSE,1379668-DCA,BA-1197410-2022,"FIRST CHOICE TRANSFER, INC.",Expired,2010-12-30T00:00:00.000,2025-04-01T00:00:00.000
NYC_STORAGE_WAREHOUSE,1393136-DCA,BA-1192715-2022,"DAY & MEYER, MURRAY & YOUNG CORP.",Active,2013-08-01T00:00:00.000,2027-04-01T00:00:00.000
NYC_STORAGE_WAREHOUSE,1397686-DCA,BA-1410466-2022,"MAZAL MOVING, INC.",Active,2011-06-23T00:00:00.000,2027-04-01T00:00:00.000
NYC_STORAGE_WAREHOUSE,1404628-DCA,BA-1102102-2022,"ALL STAR MOVING AND STORAGE, INC.",Active,2011-08-17T00:00:00.000,2027-04-01T00:00:00.000
NYC_STORAGE_WAREHOUSE,1408474-DCA,BA-1340060-2022,HUDSON MOVING & STORAGE CO. INC.,Active,2011-09-20T00:00:00.000,2027-04-01T00:00:00.000
NYC_STORAGE_WAREHOUSE,1411079-DCA,BA-1497782-2022,SEAMENS MOVING & DELIVERY INC.,Active,2011-10-18T00:00:00.000,2027-04-01T00:00:00.000
NYC_STORAGE_WAREHOUSE,1417130-DCA,BA-1452891-2022,MICHAEL'S MOVING & STORAGE INC.,Active,2012-01-09T00:00:00.000,2027-04-01T00:00:00.000
NYC_STORAGE_WAREHOUSE,2012800-DCA,BA-1115107-2022,BAYA INC.,Active,2014-09-03T00:00:00.000,2027-04-01T00:00:00.000
NYC_STORAGE_WAREHOUSE,2022396-DCA,BA-1529302-2022,SHLEPPERS HOLDINGS LLC,Active,2015-05-08T00:00:00.000,2027-04-01T00:00:00.000
NYC_STORAGE_WAREHOUSE,2024203-DCA,BA-1339997-2022,LION'S DEN ENTERPRISES INC.,Active,2015-06-11T00:00:00.000,2027-04-01T00:00:00.000
NYC_STORAGE_WAREHOUSE,2028503-DCA,BA-1126889-2022,BAYA INC,Surrendered,2015-09-17T00:00:00.000,2025-04-01T00:00:00.000
NYC_STORAGE_WAREHOUSE,2030305-DCA,BA-1126277-2022,"A ONE VAN LINES, INC",Expired,2015-11-10T00:00:00.000,2025-04-01T00:00:00.000
NYC_STORAGE_WAREHOUSE,2052050-DCA,BA-1090898-2022,"BROWNSTONE BROTHERS STORAGE, INC.",Expired,2017-04-27T00:00:00.000,2025-04-01T00:00:00.000
NYC_STORAGE_WAREHOUSE,2072876-DCA,BA-1432936-2022,"MMS FULL SERVICE PLUS, LLC",Surrendered,2018-06-07T00:00:00.000,2023-04-01T00:00:00.000
NYC_STORAGE_WAREHOUSE,2072877-DCA,BA-1457995-2022,"MMS FULL SERVICE PLUS, LLC",Surrendered,2018-06-07T00:00:00.000,2023-04-01T00:00:00.000
NYC_STORAGE_WAREHOUSE,2072879-DCA,BA-1469961-2022,"MMS FULL SERVICE PLUS, LLC",Surrendered,2018-06-07T00:00:00.000,2023-04-01T00:00:00.000
NYC_STORAGE_WAREHOUSE,2080134-DCA,BA-1409379-2022,"MAYA PROPERTIES, LLC",Active,2018-11-23T00:00:00.000,2027-04-01T00:00:00.000
NYC_STORAGE_WAREHOUSE,2083236-DCA,BA-1451431-2022,"MMS FULL SERVICE PLUS, LLC",Surrendered,2019-03-15T00:00:00.000,2023-04-01T00:00:00.000
NYC_STORAGE_WAREHOUSE,2083238-DCA,BA-1455347-2022,"MMS FULL SERVICE PLUS, LLC",Surrendered,2019-03-15T00:00:00.000,2023-04-01T00:00:00.000
NYC_STORAGE_WAREHOUSE,2083241-DCA,BA-1468740-2022,"MMS FULL SERVICE PLUS, LLC",Surrendered,2019-03-15T00:00:00.000,2023-04-01T00:00:00.000
NYC_STORAGE_WAREHOUSE,2083242-DCA,BA-1426961-2022,"MMS FULL SERVICE PLUS, LLC",Surrendered,2019-03-15T00:00:00.000,2023-04-01T00:00:00.000
NYC_STORAGE_WAREHOUSE,2083333-DCA,BA-1442265-2022,"MMS FULL SERVICE PLUS, LLC",Surrendered,2019-03-18T00:00:00.000,2023-04-01T00:00:00.000
NYC_STORAGE_WAREHOUSE,2083470-DCA,BA-1382463-2022,"MMS FULL SERVICE PLUS, LLC",Surrendered,2019-03-20T00:00:00.000,2023-04-01T00:00:00.000
NYC_STORAGE_WAREHOUSE,2084328-DCA,BA-1222889-2022,CADOGAN TATE NEW YORK LIMITED,Active,2019-04-08T00:00:00.000,2027-04-01T00:00:00.000
NYC_STORAGE_WAREHOUSE,2090177-DCA,BA-1413319-2022,MODERN MOVING INC,Active,2019-09-04T00:00:00.000,2027-04-01T00:00:00.000
NYC_STORAGE_WAREHOUSE,2096156-DCA,BA-1226907-2022,DELAND MOVING & STORAGE LOGISTICS LLC,Expired,2020-08-11T00:00:00.000,2023-04-01T00:00:00.000
NYC_STORAGE_WAREHOUSE,2096808-DCA,BA-1556536-2022,SHLEPPERS HOLDINGS LLC,Surrendered,2020-10-30T00:00:00.000,2025-04-01T00:00:00.000
NYC_STORAGE_WAREHOUSE,2101263-DCA,BA-1444879-2022,NYC Logistics Depot LLC,Expired,2021-09-01T00:00:00.000,2023-04-01T00:00:00.000
NYC_STORAGE_WAREHOUSE,2106537-DCA,BA-1226907-2022,DELAND MOVING & STORAGE LOGISTICS LLC,Active,2022-06-06T00:00:00.000,2027-04-01T00:00:00.000
NYC_STORAGE_WAREHOUSE,2108616-DCA,BA-1423283-2022,PERFECT MOVING AND STORAGE LLC,Active,2022-09-06T00:00:00.000,2027-04-01T00:00:00.000
NYC_STORAGE_WAREHOUSE,2110610-DCA,BA-1570189-2023,DELAND MOVING & STORAGE LOGISTICS LLC,Active,2023-01-12T00:00:00.000,2027-04-01T00:00:00.000
NYC_STORAGE_WAREHOUSE,2123016-DCWP,BA-1702664-2024,"METRO FOOD DISTRIBUTORS, INC",Active,2024-07-23T00:00:00.000,2027-04-01T00:00:00.000
NYC_STORAGE_WAREHOUSE,2125120-DCWP,BA-1725811-2025,Avant Garde Moving & Storage Inc.,Active,2024-11-04T00:00:00.000,2027-04-01T00:00:00.000
NYC_STORAGE_WAREHOUSE,2127572-DCWP,BA-1725945-2025,"BROWNSTONE BROTHERS STORAGE, INC.",Active,2025-04-03T00:00:00.000,2027-04-01T00:00:00.000
NYC_STORAGE_WAREHOUSE,2128826-DCWP,BA-1731887-2025,Rio Grande Ventures Inc.,Active,2025-05-22T00:00:00.000,2027-04-01T00:00:00.000
NYC_STORAGE_WAREHOUSE,2131322-DCWP,BA-1748153-2025,AIR-SEA PACKING GROUP INC,Active,2025-09-30T00:00:00.000,2027-04-01T00:00:00.000
NYC_STORAGE_WAREHOUSE,1200667-DCA,BA-1444066-2022,"MOISHE'S MINI STORAGE, INC.",Active,2005-06-14T00:00:00.000,2027-04-01T00:00:00.000
NYC_STORAGE_WAREHOUSE,2136938-DCWP,BA-1785493-2026,Christie's Fine Art Storage Services Inc.,Active,2026-08-18T00:00:00.000,2026-11-02T00:00:00.000
NYC_STORAGE_WAREHOUSE,2072906-DCA,BA-1414665-2022,"MMS FULL SERVICE PLUS, LLC",Surrendered,2018-06-07T00:00:00.000,2023-04-01T00:00:00.000
