"facility_name","address","city","county","zip","contact_name","phone","license_number","exp_date"
"Addus Hospice of Illinois, LLC - DBA JourneyCare - Barrington","405 Lake Zurich Road","Barrington","Lake","60010","Holly Rozanski","(847) 381-5599","2003230","2027-02-28T00:00:00.000"
"Alexian Brothers Hospice","901 Martha Street","Elk Grove Village","Cook","60007","Molly Bubb","(847) 685-9900","2002732","2027-03-31T00:00:00.000"
"Hospice of the Rock River Valley - DBA Rock River Hospice and Home","2706 Avenue E","Sterling","Whiteside","61081","Jacqueline Donaldson","(815) 625-3858","2000166","2027-02-28T00:00:00.000"
"Integrated Palliative and Hospice, LLC","151 W Golf Road","Libertyville","Lake","60048","Allan Oliva","(847) 549-0588","2003011","2026-05-31T00:00:00.000"
"Joliet Area Community Hospice, Inc. - DBA Lightways Hospice and Serious Illness Care","250 Water Stone Circle","Joliet","Will","60431","Mary K. Sheehan","(815) 740-4104","2000340","2027-04-30T00:00:00.000"
"Oasis House of Refuge - DBA House of Goshen","19810-19812 Governors Highway","Flossmoor","Cook","60422","Olufolasade Bello","(773) 941-4838","2003293","2026-09-30T00:00:00.000"
"OSF Richard L Owens Hospice Home","8630 N Route 91","Peoria","Peoria","61615","Susan Fristad","(309) 683-7745","2001107","2027-01-31T00:00:00.000"
"Sarah Bush Lincoln Hospice - DBA Sarah Bush Lincoln Hospice House","10660 E. County Road 800 North","Mattoon","Coles","61938","Jenn Roberts","(800) 454-4055","2002005","2026-12-27T00:00:00.000"
"Seasons Hospice, Inc. - DBA AccentCare Hospice & Palliative Care of Illinois","2195 W Diehl Road","Naperville","Du Page","60563","Robin Keating","(630) 416-5201","2003211","2026-12-31T00:00:00.000"
"Serenity Hospice and Home","1658 S. Illinois Route 2","Oregon","Ogle","61061","Suzanne Ravlin","(815) 732-2499","2000298","2027-03-31T00:00:00.000"
