license_nbr,business_unique_id,business_name,license_status,license_type,license_creation_on,license_expiration_on,publication_label,record_fingerprint
0765341-DCA,BA-1423758-2022,"MORGAN AND BROTHER MANHATTAN STORAGE COMPANY, INC.",Active,Premises,1995-03-27,2027-04-01,NYC storage warehouse license — active,5ae279ba8dd607ff725a814578d5f9c2430a73f81072fbb76b9bdd0cb8044072
0765342-DCA,BA-1423759-2022,"MORGAN AND BROTHER MANHATTAN STORAGE COMPANY, INC.",Active,Premises,2001-06-21,2027-04-01,NYC storage warehouse license — active,cb8c1a4a9d84769a81e16086008d217b79d2f77742528c2faa4846fe150fb3c8
0765359-DCA,BA-1441729-2022,"MORGAN AND BROTHER MANHATTAN STORAGE COMPANY, INC.",Active,Premises,1999-04-09,2027-04-01,NYC storage warehouse license — active,bd5fad70fbbb9d478286b5eb7927cc8a2ad712e45360470354ddb616212276d2
0765387-DCA,BA-1470992-2022,NEW YORKER WAREHOUSE CO. INC.,Expired,Premises,1997-04-03,2025-04-01,NYC storage warehouse license — expired,8d48b142d9eb11f1319b9424c246fd50374d6c630a8e9c8f1fd01b0ee9f3b9fd
0765506-DCA,BA-1509102-2022,"U. SANTINI, INC.",Active,Premises,2011-08-05,2027-04-01,NYC storage warehouse license — active,1bf237c35ba4cec59cc75da243a0d72219022f2a6bd6e83902a083061112b44f
0853529-DCA,BA-1374240-2022,"MORGAN AND BROTHER MANHATTAN STORAGE COMPANY, INC.",Active,Premises,2001-06-22,2027-04-01,NYC storage warehouse license — active,9026682ab35bc54a02f18fa8933c8ed4061efb0f2adb976bb98ebe33667082fe
0881703-DCA,BA-1460621-2022,MOVING RIGHT ALONG SERVICE INC.,Active,Premises,1997-03-24,2027-04-01,NYC storage warehouse license — active,f7535279104f19ae16087ccd03185ce1701340adc5645e32206f159710106674
0889045-DCA,BA-1095691-2022,"AUER'S MOVING & RIGGING CO., INC.",Active,Premises,2008-02-28,2027-04-01,NYC storage warehouse license — active,c44c310df8b05602e19ceef4597bd514adab68cb57fc445e9fa053cd683cdc04
0900001-DCA,BA-1357943-2022,"KEEP IT LOCKED STORAGE, INC.",Active,Premises,1997-03-25,2027-04-01,NYC storage warehouse license — active,350f586c67fbcc0c0d941ec98ae100e03ad5b4610c5f1dc720c37db1bb6959de
0910599-DCA,BA-1201868-2022,"FLAT RATE MOVERS, LTD.",Active,Premises,1997-04-17,2027-04-01,NYC storage warehouse license — active,e3514382df485a94959436de49908adb76e8cfd0ed8af2009a2f28f1d42f7c04
0917825-DCA,BA-1276501-2022,"LITTLE JOHNS MOVING, INC",Active,Premises,1997-03-12,2027-04-01,NYC storage warehouse license — active,07267671888e00f01da857af05a6e9372bf8fe53d95b30773f6b86268ab71a9b
0919240-DCA,BA-1483444-2022,"RUBINSTEIN VAN LINES, INC.",Expired,Premises,1997-03-19,2025-04-01,NYC storage warehouse license — expired,f4b0c42af60d8f5bcc3acb27869725d1dc204588b86a3bf1a0b5bbfc3e6ed424
0957642-DCA,BA-1460447-2022,NEW YORK SELF STORAGE INC.,Active,Premises,1997-04-02,2027-04-01,NYC storage warehouse license — active,ea6820160f7cccb3c93e5aae661529d3b6bbe2761b1bb5e98b58f1a8e32e18ee
1176367-DCA,BA-1117504-2022,"BEN HUR MOVING & STORAGE, INC.",Expired,Premises,2013-06-11,2023-04-01,NYC storage warehouse license — expired,79899a9f90a4ba046e87cbc598c284dc1b480eed6e9a596f0fd8b99a25f9cb84
1216714-DCA,BA-1279172-2022,KIMONS MOVING INC.,Active,Premises,2005-12-30,2027-04-01,NYC storage warehouse license — active,02c40353eb95b801a715aa8d67c9b1cdf5f59216b65fbbf155ea8c50f9644ba2
1258976-DCA,BA-1101756-2022,"AUER'S MOVING & RIGGING CO., INC.",Active,Premises,2007-06-18,2027-04-01,NYC storage warehouse license — active,08e0bdf9e007784597aa678361ab39eff8878b7759441458ec9f25d5af715df2
1379668-DCA,BA-1197410-2022,"FIRST CHOICE TRANSFER, INC.",Expired,Premises,2010-12-30,2025-04-01,NYC storage warehouse license — expired,1e48b17d4f98e1492715a849692be8b16f4cecf1feecdfdfe0f596c76c06e1e4
1393136-DCA,BA-1192715-2022,"DAY & MEYER, MURRAY & YOUNG CORP.",Active,Premises,2013-08-01,2027-04-01,NYC storage warehouse license — active,2ec7797e040d8f8f3f5f5ab723fcca9b89f8bc6ba7031c112c37ba1a1ec445db
1397686-DCA,BA-1410466-2022,"MAZAL MOVING, INC.",Active,Premises,2011-06-23,2027-04-01,NYC storage warehouse license — active,0faddcf7161d3ddd7bcda261ec66bb0054259c114135761857ac6cd0f9870a68
1404628-DCA,BA-1102102-2022,"ALL STAR MOVING AND STORAGE, INC.",Active,Premises,2011-08-17,2027-04-01,NYC storage warehouse license — active,b09696b36c5b2275b0bb2a092e293f9cece6fafbe23262221f5b840e73ca18f6
1408474-DCA,BA-1340060-2022,HUDSON MOVING & STORAGE CO. INC.,Active,Premises,2011-09-20,2027-04-01,NYC storage warehouse license — active,b8572a8df39f34619f8f150af1e83a6fda767e5e33a1b1363da87ea49957e11e
1411079-DCA,BA-1497782-2022,SEAMENS MOVING & DELIVERY INC.,Active,Premises,2011-10-18,2027-04-01,NYC storage warehouse license — active,0c45bb6be0c0b67207d7106b1319b6e48f3fdd57a5a49ba1b0a1b0a8daf14aa4
1417130-DCA,BA-1452891-2022,MICHAEL'S MOVING & STORAGE INC.,Active,Premises,2012-01-09,2027-04-01,NYC storage warehouse license — active,3f713563e2bbf5b95f2a5e687e91baa0d9384683029cf216625b048e57aa26f0
2012800-DCA,BA-1115107-2022,BAYA INC.,Active,Premises,2014-09-03,2027-04-01,NYC storage warehouse license — active,71b5977f9ade6890a7ab0c75684ba0ca9663fa9c27275ab107f28fc12c7ba85c
2022396-DCA,BA-1529302-2022,SHLEPPERS HOLDINGS LLC,Active,Premises,2015-05-08,2027-04-01,NYC storage warehouse license — active,c9f74eda93709c00995db0c2539fcdd9dffc3c7bfeb0442e11d4e9254af65d42
2024203-DCA,BA-1339997-2022,LION'S DEN ENTERPRISES INC.,Active,Premises,2015-06-11,2027-04-01,NYC storage warehouse license — active,446f88d1a8cca3fb944e5687ab35e2ef3ad51e3eddf6c600962d54827b62f8b5
2028503-DCA,BA-1126889-2022,BAYA INC,Surrendered,Premises,2015-09-17,2025-04-01,NYC storage warehouse license — surrendered,aec11f2aa7eece723b532875e22dc71b2db2f86bccf1c6c534e2528246782e9b
2030305-DCA,BA-1126277-2022,"A ONE VAN LINES, INC",Expired,Premises,2015-11-10,2025-04-01,NYC storage warehouse license — expired,dc0cf65e765fa5f7bede30bcbcf06d1d69338eab9ccd2a27b558d9cf08a6a9c3
2052050-DCA,BA-1090898-2022,"BROWNSTONE BROTHERS STORAGE, INC.",Expired,Premises,2017-04-27,2025-04-01,NYC storage warehouse license — expired,63c5e1be7c970f6e9aacbc22f3ee5092ed22698841468312a7532c5d387b5f4d
2072876-DCA,BA-1432936-2022,"MMS FULL SERVICE PLUS, LLC",Surrendered,Premises,2018-06-07,2023-04-01,NYC storage warehouse license — surrendered,cafb899aea396730c7ec56839da5b13084bbdfcf92df9caec91ec1b7362699a3
2072877-DCA,BA-1457995-2022,"MMS FULL SERVICE PLUS, LLC",Surrendered,Premises,2018-06-07,2023-04-01,NYC storage warehouse license — surrendered,ad95a0f1ca8e67f797f5e77fb5cab271f950b214d56b697828d4fa6e482183b1
2072879-DCA,BA-1469961-2022,"MMS FULL SERVICE PLUS, LLC",Surrendered,Premises,2018-06-07,2023-04-01,NYC storage warehouse license — surrendered,7487f5894b0f61de09869b99d42f582d20928dff228aad75de3eddb00fc0ab87
2080134-DCA,BA-1409379-2022,"MAYA PROPERTIES, LLC",Active,Premises,2018-11-23,2027-04-01,NYC storage warehouse license — active,59d2251b2dadddbf4a8875f2c3482ada431790a28931b502328acef376d6b589
2083236-DCA,BA-1451431-2022,"MMS FULL SERVICE PLUS, LLC",Surrendered,Premises,2019-03-15,2023-04-01,NYC storage warehouse license — surrendered,2f8585ee2992804609cee5830530c2bbf62db1596e55a02a1f4c838710d1bf97
2083238-DCA,BA-1455347-2022,"MMS FULL SERVICE PLUS, LLC",Surrendered,Premises,2019-03-15,2023-04-01,NYC storage warehouse license — surrendered,943e511a6686ac65c9368c31d54e8ced8e27128cc45d46dc549ef06ad5c9a15e
2083241-DCA,BA-1468740-2022,"MMS FULL SERVICE PLUS, LLC",Surrendered,Premises,2019-03-15,2023-04-01,NYC storage warehouse license — surrendered,1d869008a29f12253ec8252c28350c5320b34411379bf4133e51bdee21a96774
2083242-DCA,BA-1426961-2022,"MMS FULL SERVICE PLUS, LLC",Surrendered,Premises,2019-03-15,2023-04-01,NYC storage warehouse license — surrendered,e04de742b2b0e2c78b7d7627d5cfd9c895e773686dbd85346be63c9d87f0a793
2083333-DCA,BA-1442265-2022,"MMS FULL SERVICE PLUS, LLC",Surrendered,Premises,2019-03-18,2023-04-01,NYC storage warehouse license — surrendered,46b1b575ecd8a9bfc546f643b254ad467d44eda6bdb36ca92efdbecfd9e23741
2083470-DCA,BA-1382463-2022,"MMS FULL SERVICE PLUS, LLC",Surrendered,Premises,2019-03-20,2023-04-01,NYC storage warehouse license — surrendered,b64d4eb33ad9384e9410c24b4ae84201da9a58eae74b0cb26aa9c0db1c15fb87
2084328-DCA,BA-1222889-2022,CADOGAN TATE NEW YORK LIMITED,Active,Premises,2019-04-08,2027-04-01,NYC storage warehouse license — active,fb16bafe261be7b0afda076bf745353960c65991ceaede2d17e7c299db262d2f
2090177-DCA,BA-1413319-2022,MODERN MOVING INC,Active,Premises,2019-09-04,2027-04-01,NYC storage warehouse license — active,8c5e3ca9d06a6d8af25335db28c72c0c59b03c4c5ff796cf2cf534ebd41217af
2096156-DCA,BA-1226907-2022,DELAND MOVING & STORAGE LOGISTICS LLC,Expired,Premises,2020-08-11,2023-04-01,NYC storage warehouse license — expired,f219e4f00212989e2f8bd453e85ebfd1e178bbc458a04e6a5a9b7f013d24fe2f
2096808-DCA,BA-1556536-2022,SHLEPPERS HOLDINGS LLC,Surrendered,Premises,2020-10-30,2025-04-01,NYC storage warehouse license — surrendered,8aff22921ea36f5055092118978a74a0817faf6805f2710a26f261ff24187d72
2101263-DCA,BA-1444879-2022,NYC Logistics Depot LLC,Expired,Premises,2021-09-01,2023-04-01,NYC storage warehouse license — expired,840993da73cf7c3a490d669eb8d5db6cbd77fc6a9c2305619cbe579a11b136f2
2106537-DCA,BA-1226907-2022,DELAND MOVING & STORAGE LOGISTICS LLC,Active,Premises,2022-06-06,2027-04-01,NYC storage warehouse license — active,a26bd0b970000fd0f29db5bb4546fb8b990080b7a10adfc47f2326be5b5c1cd5
2108616-DCA,BA-1423283-2022,PERFECT MOVING AND STORAGE LLC,Active,Premises,2022-09-06,2027-04-01,NYC storage warehouse license — active,2e3c9065f4ccba0412a8dba052d61aeb4fffe83815fe2ac0f066d31c183d41f6
2110610-DCA,BA-1570189-2023,DELAND MOVING & STORAGE LOGISTICS LLC,Active,Premises,2023-01-12,2027-04-01,NYC storage warehouse license — active,4f51e52080294d9954ba2c1ca8e14221b7dd11768f3040cb65ebf6f4e6017f40
2123016-DCWP,BA-1702664-2024,"METRO FOOD DISTRIBUTORS, INC",Active,Premises,2024-07-23,2027-04-01,NYC storage warehouse license — active,81f7a0e3f9e0112d3bc4b5279044b734cefeec019ee157682d6728b41c26d0f9
2125120-DCWP,BA-1725811-2025,Avant Garde Moving & Storage Inc.,Active,Premises,2024-11-04,2027-04-01,NYC storage warehouse license — active,9e0b6d5aa664fba0a59e40506d55a2a4acfd33f4b558b0a84cfc4b34020ad4c7
2127572-DCWP,BA-1725945-2025,"BROWNSTONE BROTHERS STORAGE, INC.",Active,Premises,2025-04-03,2027-04-01,NYC storage warehouse license — active,2bc661f0c8f07d1fe65fe8f3862f8574fdc55bc8370fbd9d91423414489efb05
2128826-DCWP,BA-1731887-2025,Rio Grande Ventures Inc.,Active,Premises,2025-05-22,2027-04-01,NYC storage warehouse license — active,ce0ffc6e43c78b21df12cdd913844dc35b9f965e397bf6f35cc36326b6106d73
2131322-DCWP,BA-1748153-2025,AIR-SEA PACKING GROUP INC,Active,Premises,2025-09-30,2027-04-01,NYC storage warehouse license — active,ac3bf823821fecc6941358198af9ce5622c390c7f8ff8de118f0883751eb34c7
1200667-DCA,BA-1444066-2022,"MOISHE'S MINI STORAGE, INC.",Active,Premises,2005-06-14,2027-04-01,NYC storage warehouse license — active,e503fa3510a4995b23c56e880a55e00958a44be91258f231d22341959c346c56
2136938-DCWP,BA-1785493-2026,Christie's Fine Art Storage Services Inc.,Active,Premises,2026-08-18,2026-11-02,NYC storage warehouse license — active,3189531d251a417edcf9dc431f4bd7977dcde3d19019ff289cb44248bc85b24f
2072906-DCA,BA-1414665-2022,"MMS FULL SERVICE PLUS, LLC",Surrendered,Premises,2018-06-07,2023-04-01,NYC storage warehouse license — surrendered,fc1ee42069541bc607a2054f13ed6593a4f83b84597a7a9c464f15653fca0d03
